type,id,url,path,title,date,modified,new_path
pages,7608,https://rsg.com.tw/about-2,/about-2,關於花園,2026-07-16T03:31:37,2026-07-16T03:34:23,/about-2
pages,7391,https://rsg.com.tw/relationship-gardne-20th,/relationship-gardne-20th,關係花園20歲生日快樂  來自學員的覺醒之花,2025-12-18T03:45:51,2025-12-19T08:48:34,/relationship-gardne-20th
pages,7322,https://rsg.com.tw/%e5%bf%83%e9%9d%88%e6%8d%95%e5%a4%a2%e7%b6%b2,/心靈捕夢網,心靈捕夢網,2025-11-11T11:55:55,2025-11-11T11:58:36,/心靈捕夢網
pages,7247,https://rsg.com.tw/latest-courses,/latest-courses,最新課程,2025-08-22T04:41:58,2026-08-13T03:51:02,/latest-courses
pages,6922,https://rsg.com.tw/,/,關係花園 Relationship Garden,2024-11-21T07:11:54,2025-11-27T07:06:50,/
pages,6233,https://rsg.com.tw/one-on-one-corporate-coaching,/one-on-one-corporate-coaching,企業1-1教練,2023-06-09T05:34:42,2025-11-11T11:48:45,/one-on-one-corporate-coaching
pages,5785,https://rsg.com.tw/one-on-one-hypnosis,/one-on-one-hypnosis,一對一催眠,2022-08-23T10:29:00,2025-11-11T11:53:39,/one-on-one-hypnosis
pages,5735,https://rsg.com.tw/arrangement-one-to-one,/arrangement-one-to-one,一對一排列,2022-07-18T02:11:31,2023-07-25T11:23:26,/arrangement-one-to-one
pages,5463,https://rsg.com.tw/%e9%97%9c%e4%bf%82%e8%8a%b1%e5%9c%92-relationship-garden,/關係花園-relationship-garden,關係花園 Relationship Garden,2022-02-23T04:15:31,2024-05-08T12:46:05,/關係花園-relationship-garden
pages,4739,https://rsg.com.tw/%e7%b7%9a%e4%b8%8a%e5%ad%b8%e7%bf%92%e8%aa%b2%e7%a8%8b,/線上學習課程,線上學習課程,2021-06-09T07:41:37,2021-06-16T07:38:08,/線上學習課程
pages,3976,https://rsg.com.tw/%e8%aa%b2%e7%a8%8b%e8%a1%8c%e4%ba%8b%e6%9b%86,/課程行事曆,課程行事曆,2020-09-16T04:21:00,2020-09-16T05:29:54,/課程行事曆
pages,3752,https://rsg.com.tw/3752-2,/3752-2,,2020-08-14T15:35:20,2020-08-14T15:35:20,/3752-2
pages,3686,https://rsg.com.tw/membership-login/password-reset,/membership-login/password-reset,Password Reset,2020-08-12T06:13:27,2020-08-12T06:13:27,/membership-login/password-reset
pages,3685,https://rsg.com.tw/membership-login/membership-profile,/membership-login/membership-profile,Profile,2020-08-12T06:13:27,2020-08-12T06:13:27,/membership-login/membership-profile
pages,3684,https://rsg.com.tw/membership-login,/membership-login,Member Login,2020-08-12T06:13:27,2020-08-12T06:13:27,/membership-login
pages,3683,https://rsg.com.tw/membership-join/membership-registration,/membership-join/membership-registration,Registration,2020-08-12T06:13:27,2020-08-12T06:13:27,/membership-join/membership-registration
pages,3682,https://rsg.com.tw/membership-join,/membership-join,Join Us,2020-08-12T06:13:26,2020-08-12T06:13:26,/membership-join
pages,2091,https://rsg.com.tw/%e8%aa%b2%e7%a8%8b%e5%9c%a8%e9%80%99%e5%85%92,/課程在這兒,課程在這兒,2020-06-11T07:26:14,2020-07-09T09:11:00,/課程在這兒
pages,751,https://rsg.com.tw/share,/share,學員怎麼說,2020-06-11T03:37:20,2020-07-09T07:54:14,/share
pages,746,https://rsg.com.tw/negotiate-one-to-one,/negotiate-one-to-one,一對一協談,2020-06-11T03:21:02,2022-08-29T07:27:14,/negotiate-one-to-one
posts,7586,https://rsg.com.tw/archives/7586,/archives/7586,意識能量工作坊,2026-06-02T02:38:47,2026-09-19T03:16:55,/archives/7586
posts,7554,https://rsg.com.tw/archives/7554,/archives/7554,生命藍圖工作坊——活出最高版本的自己,2026-04-29T06:46:38,2026-04-29T09:19:22,/archives/7554
posts,7529,https://rsg.com.tw/archives/7529,/archives/7529,Polish Your Life｜生命整合 工作坊,2026-02-26T06:21:34,2026-02-26T06:31:37,/archives/7529
posts,7507,https://rsg.com.tw/archives/7507,/archives/7507,看見內在小孩，認識過去的自己,2026-02-06T11:42:15,2026-02-06T11:44:04,/archives/7507
posts,7493,https://rsg.com.tw/archives/7493,/archives/7493,2025 除舊工作坊 × 2026 啟動工作坊,2026-01-13T07:33:57,2026-01-13T07:37:50,/archives/7493
posts,7326,https://rsg.com.tw/archives/7326,/archives/7326,撥開吵架的迷霧：看見關係中真正未說出口的需求,2025-11-11T11:59:15,2025-11-11T12:00:51,/archives/7326
posts,7182,https://rsg.com.tw/archives/7182,/archives/7182,主題整合系統排列工作坊,2025-07-13T07:32:48,2026-05-17T12:39:35,/archives/7182
posts,7160,https://rsg.com.tw/archives/7160,/archives/7160,開啟感知力工作坊,2025-06-11T05:44:37,2025-11-11T11:53:18,/archives/7160
posts,7061,https://rsg.com.tw/archives/7061,/archives/7061,靜心手作工作坊,2025-03-14T05:50:15,2025-03-14T06:15:41,/archives/7061
posts,7053,https://rsg.com.tw/archives/7053,/archives/7053,咖啡時光 Coffee Time,2025-03-14T05:33:26,2025-11-11T11:52:44,/archives/7053
posts,7032,https://rsg.com.tw/archives/7032,/archives/7032,讓情緒説話工作坊,2025-02-17T02:16:42,2025-02-17T02:27:00,/archives/7032
posts,6968,https://rsg.com.tw/archives/6968,/archives/6968,一對一排列,2024-11-22T02:39:18,2025-11-11T11:51:49,/archives/6968
posts,6810,https://rsg.com.tw/archives/6810,/archives/6810,身心平衡工作坊,2024-06-28T03:05:39,2024-06-28T03:56:09,/archives/6810
posts,6610,https://rsg.com.tw/archives/6610,/archives/6610,招財開運自己來工作坊,2024-03-21T04:31:31,2025-11-11T11:54:32,/archives/6610
posts,6553,https://rsg.com.tw/archives/6553,/archives/6553,調頻與顯化工作坊,2024-02-18T12:37:10,2025-11-11T11:54:41,/archives/6553
posts,6346,https://rsg.com.tw/archives/6346,/archives/6346,心流生活8週線上微課程,2023-10-11T07:29:25,2023-10-15T03:49:45,/archives/6346
posts,6311,https://rsg.com.tw/archives/6311,/archives/6311,內在小孩工作坊,2023-08-11T02:17:08,2025-11-11T11:52:26,/archives/6311
posts,6119,https://rsg.com.tw/archives/6119,/archives/6119,慢活營,2023-03-25T05:42:22,2025-11-11T11:54:24,/archives/6119
posts,5971,https://rsg.com.tw/archives/5971,/archives/5971,認識自己 活出美好 學習之旅,2023-01-04T10:07:37,2023-03-31T04:53:12,/archives/5971
posts,5890,https://rsg.com.tw/archives/5890,/archives/5890,成為自己的心靈教練,2022-10-14T04:07:05,2025-12-04T06:07:48,/archives/5890
posts,5831,https://rsg.com.tw/archives/5831,/archives/5831,解開生命中的木馬程式,2022-09-07T04:08:42,2023-06-09T04:16:12,/archives/5831
posts,5701,https://rsg.com.tw/archives/5701,/archives/5701,找尋屬於你的幸運香氣,2022-06-15T07:32:38,2022-10-14T05:25:38,/archives/5701
posts,5063,https://rsg.com.tw/archives/5063,/archives/5063,數字與療癒,2021-10-05T16:11:39,2025-11-11T11:52:59,/archives/5063
posts,5045,https://rsg.com.tw/archives/5045,/archives/5045,還我本來面目-生命實相,2021-09-29T07:42:13,2021-12-07T06:21:05,/archives/5045
posts,4861,https://rsg.com.tw/archives/4861,/archives/4861,【説書】,2021-07-21T14:08:22,2021-09-22T09:06:34,/archives/4861
posts,4814,https://rsg.com.tw/archives/4814,/archives/4814,07/24(六)：《聽身體說話》,2021-07-13T04:54:29,2021-07-21T15:33:41,/archives/4814
posts,4801,https://rsg.com.tw/archives/4801,/archives/4801,07/17(六)：《金錢金錢我愛你》,2021-07-09T09:22:24,2021-07-21T15:34:52,/archives/4801
posts,4798,https://rsg.com.tw/archives/4798,/archives/4798,卸下面具，做回自己,2021-07-01T09:46:02,2022-02-14T08:38:59,/archives/4798
posts,4795,https://rsg.com.tw/archives/4795,/archives/4795,生命之流,2021-07-01T09:43:14,2021-07-01T09:43:25,/archives/4795
posts,4793,https://rsg.com.tw/archives/4793,/archives/4793,重新連結生命源頭,2021-07-01T09:41:25,2021-07-01T09:41:25,/archives/4793
posts,4790,https://rsg.com.tw/archives/4790,/archives/4790,繩索鬆綁，我們都自由了,2021-07-01T09:37:17,2021-07-01T09:37:17,/archives/4790
posts,4786,https://rsg.com.tw/archives/4786,/archives/4786,174期 分享集錦,2021-07-01T09:18:15,2021-07-01T09:22:43,/archives/4786
posts,4763,https://rsg.com.tw/archives/4763,/archives/4763,07/03(六)：《職場你我他》,2021-06-26T06:32:12,2021-07-21T15:36:56,/archives/4763
posts,4747,https://rsg.com.tw/archives/4747,/archives/4747,06/26(六)：《伴侶的礙與愛》,2021-06-15T15:19:28,2021-07-21T15:37:50,/archives/4747
posts,4716,https://rsg.com.tw/archives/4716,/archives/4716,06/19(六)：《情緒變變變》,2021-06-08T13:59:23,2021-07-21T15:39:14,/archives/4716
posts,4515,https://rsg.com.tw/archives/4515,/archives/4515,3期 分享集錦,2021-03-08T06:16:02,2021-03-22T03:20:00,/archives/4515
posts,4513,https://rsg.com.tw/archives/4513,/archives/4513,好好完成身而為人的旅程,2021-03-08T06:11:26,2021-03-08T06:11:26,/archives/4513
posts,4511,https://rsg.com.tw/archives/4511,/archives/4511,一切就在當下的選擇,2021-03-08T06:09:35,2021-03-08T06:09:35,/archives/4511
posts,4509,https://rsg.com.tw/archives/4509,/archives/4509,帶著愛「回家」,2021-03-08T05:26:10,2021-03-08T05:26:10,/archives/4509
posts,4507,https://rsg.com.tw/archives/4507,/archives/4507,憶起原本的自己,2021-03-08T05:21:00,2021-03-08T06:18:28,/archives/4507
posts,4505,https://rsg.com.tw/archives/4505,/archives/4505,體驗一體,2021-03-08T05:19:13,2021-03-08T05:19:13,/archives/4505
posts,4503,https://rsg.com.tw/archives/4503,/archives/4503,9期 分享集錦,2021-03-08T05:17:12,2021-03-08T05:17:12,/archives/4503
posts,4501,https://rsg.com.tw/archives/4501,/archives/4501,活在當下，眼前都是美好,2021-03-08T05:15:19,2021-03-08T05:15:46,/archives/4501
posts,4499,https://rsg.com.tw/archives/4499,/archives/4499,感受生命的自由,2021-03-08T05:13:36,2021-03-08T05:13:36,/archives/4499
posts,4497,https://rsg.com.tw/archives/4497,/archives/4497,感受輕鬆、自在、喜悅,2021-03-08T05:11:29,2021-03-08T05:11:29,/archives/4497
posts,4495,https://rsg.com.tw/archives/4495,/archives/4495,體驗狂喜，靈魂的奔放,2021-03-08T05:07:18,2021-03-08T05:07:18,/archives/4495
posts,4481,https://rsg.com.tw/archives/4481,/archives/4481,回到自己的內在小孩,2021-03-08T04:34:30,2021-03-08T05:02:58,/archives/4481
posts,4479,https://rsg.com.tw/archives/4479,/archives/4479,被愛的溫柔,2021-03-08T04:33:35,2021-03-08T05:01:21,/archives/4479
posts,4477,https://rsg.com.tw/archives/4477,/archives/4477,69期 分享集錦,2021-03-08T04:26:56,2021-03-08T05:00:42,/archives/4477
posts,4475,https://rsg.com.tw/archives/4475,/archives/4475,成為有價值的人,2021-03-08T04:25:31,2021-03-08T04:58:13,/archives/4475
posts,4473,https://rsg.com.tw/archives/4473,/archives/4473,我愛我的人生,2021-03-08T04:24:04,2021-03-08T05:02:04,/archives/4473
posts,4471,https://rsg.com.tw/archives/4471,/archives/4471,找尋自我的美好歷程,2021-03-08T04:22:17,2021-03-08T04:55:47,/archives/4471
posts,4469,https://rsg.com.tw/archives/4469,/archives/4469,善用心靈的力量,2021-03-08T04:21:40,2021-03-08T04:54:46,/archives/4469
posts,4467,https://rsg.com.tw/archives/4467,/archives/4467,給自己力量,2021-03-08T04:21:01,2021-03-08T04:53:35,/archives/4467
posts,4465,https://rsg.com.tw/archives/4465,/archives/4465,感動的淚水，幸福的微笑,2021-03-08T04:20:09,2021-03-08T04:37:45,/archives/4465
posts,4463,https://rsg.com.tw/archives/4463,/archives/4463,擁有愛自己的能力,2021-03-08T04:18:57,2021-03-08T04:36:17,/archives/4463
posts,4452,https://rsg.com.tw/archives/4452,/archives/4452,靠近自己，靠近愛,2021-03-04T10:45:03,2021-03-04T11:09:16,/archives/4452
posts,4449,https://rsg.com.tw/archives/4449,/archives/4449,生命就是愛、喜悅與感動,2021-03-04T10:42:35,2021-03-04T11:10:56,/archives/4449
posts,4447,https://rsg.com.tw/archives/4447,/archives/4447,172期 分享集錦,2021-03-04T09:43:34,2021-07-01T09:16:27,/archives/4447
posts,4442,https://rsg.com.tw/archives/4442,/archives/4442,發現更多屬於自己的真實,2021-03-04T09:38:39,2021-03-04T11:10:11,/archives/4442
posts,4437,https://rsg.com.tw/archives/4437,/archives/4437,帶著愛與光生活每一天,2021-03-04T09:34:58,2021-03-04T09:36:35,/archives/4437
posts,4434,https://rsg.com.tw/archives/4434,/archives/4434,讓心感受，讓愛流動,2021-03-04T09:33:30,2021-03-04T09:33:30,/archives/4434
posts,4431,https://rsg.com.tw/archives/4431,/archives/4431,成為傳遞愛與幸福的人,2021-03-04T09:29:55,2021-03-04T09:29:55,/archives/4431
posts,4425,https://rsg.com.tw/archives/4425,/archives/4425,勇敢放手，追求幸福,2021-03-04T09:25:55,2021-03-04T09:27:38,/archives/4425
posts,4423,https://rsg.com.tw/archives/4423,/archives/4423,171期 分享集錦,2021-03-04T09:21:15,2021-03-04T09:21:47,/archives/4423
posts,4416,https://rsg.com.tw/archives/4416,/archives/4416,學會真正的尊重,2021-03-04T09:14:37,2021-03-04T09:17:14,/archives/4416
posts,4414,https://rsg.com.tw/archives/4414,/archives/4414,重新看見家族的愛,2021-03-04T09:13:03,2021-03-04T11:09:42,/archives/4414
posts,4411,https://rsg.com.tw/archives/4411,/archives/4411,回到最初的自己,2021-03-04T09:11:16,2021-03-04T09:11:16,/archives/4411
posts,4408,https://rsg.com.tw/archives/4408,/archives/4408,每個人都是勇敢的靈魂,2021-03-04T09:09:34,2021-03-04T09:09:34,/archives/4408
posts,4396,https://rsg.com.tw/archives/4396,/archives/4396,170期 分享集錦,2021-03-04T08:40:29,2021-03-04T09:04:24,/archives/4396
posts,4394,https://rsg.com.tw/archives/4394,/archives/4394,169期 分享集錦,2021-03-04T08:35:27,2021-03-04T09:00:49,/archives/4394
posts,4392,https://rsg.com.tw/archives/4392,/archives/4392,讓生命擴大,2021-03-04T08:33:52,2021-03-04T08:57:22,/archives/4392
posts,4385,https://rsg.com.tw/archives/4385,/archives/4385,與自己同在,2021-03-04T08:27:15,2021-03-04T08:56:59,/archives/4385
posts,4380,https://rsg.com.tw/archives/4380,/archives/4380,力量由內而外，源源不絕,2021-03-04T08:25:17,2021-03-04T08:32:46,/archives/4380
posts,4378,https://rsg.com.tw/archives/4378,/archives/4378,168期 分享集錦,2021-03-04T08:17:34,2021-03-04T08:54:25,/archives/4378
posts,3569,https://rsg.com.tw/archives/3569,/archives/3569,學員怎麼說,2020-07-09T07:40:58,2022-06-08T04:17:19,/archives/3569
posts,3471,https://rsg.com.tw/archives/3471,/archives/3471,豐盛致富2期 分享集錦,2020-06-21T05:34:16,2020-08-21T07:31:11,/archives/3471
posts,3469,https://rsg.com.tw/archives/3469,/archives/3469,感恩我所支出的每一分錢,2020-06-21T05:33:48,2020-07-09T03:40:28,/archives/3469
posts,3467,https://rsg.com.tw/archives/3467,/archives/3467,創造無限的豐盛與財富,2020-06-21T05:33:26,2020-07-09T03:40:37,/archives/3467
posts,3465,https://rsg.com.tw/archives/3465,/archives/3465,真正走進金錢的世界裡,2020-06-21T05:31:18,2021-03-04T11:08:54,/archives/3465
posts,3463,https://rsg.com.tw/archives/3463,/archives/3463,活出夢想,2020-06-21T05:30:57,2021-03-04T11:08:44,/archives/3463
posts,3461,https://rsg.com.tw/archives/3461,/archives/3461,豐盛致富1期 分享集錦,2020-06-21T05:30:36,2020-07-09T03:41:05,/archives/3461
posts,3459,https://rsg.com.tw/archives/3459,/archives/3459,我是熱情分享的創業家,2020-06-21T05:28:57,2020-07-09T03:41:12,/archives/3459
posts,3457,https://rsg.com.tw/archives/3457,/archives/3457,祝福＆感恩，讓金錢有美好的流動,2020-06-21T05:27:52,2020-07-09T03:41:18,/archives/3457
posts,3455,https://rsg.com.tw/archives/3455,/archives/3455,感謝宇宙源源不絕的愛與豐盛,2020-06-21T05:27:30,2020-06-21T05:27:30,/archives/3455
posts,3453,https://rsg.com.tw/archives/3453,/archives/3453,豐盛共享，創造無限,2020-06-21T05:27:07,2020-06-21T05:27:07,/archives/3453
posts,3449,https://rsg.com.tw/archives/3449,/archives/3449,一切如我所願,2020-06-21T05:26:29,2020-06-21T05:26:45,/archives/3449
posts,3446,https://rsg.com.tw/archives/3446,/archives/3446,宇宙法則～感恩、接收無限豐盛,2020-06-21T05:25:48,2020-06-21T05:25:48,/archives/3446
posts,3444,https://rsg.com.tw/archives/3444,/archives/3444,我是、我要、我相信，帶領我實現夢想！,2020-06-21T05:20:35,2020-06-21T05:20:35,/archives/3444
posts,3442,https://rsg.com.tw/archives/3442,/archives/3442,走在夢想的道路上,2020-06-21T05:20:11,2020-06-21T05:20:11,/archives/3442
posts,3440,https://rsg.com.tw/archives/3440,/archives/3440,活出內豐外富的人生,2020-06-21T05:19:50,2020-06-21T05:19:50,/archives/3440
posts,3438,https://rsg.com.tw/archives/3438,/archives/3438,清理信念，創造豐盛,2020-06-21T05:19:27,2020-06-21T05:19:27,/archives/3438
posts,3436,https://rsg.com.tw/archives/3436,/archives/3436,金錢16期 分享集錦,2020-06-21T04:57:08,2020-06-21T04:57:08,/archives/3436
posts,3434,https://rsg.com.tw/archives/3434,/archives/3434,２期分享集錦,2020-06-21T04:55:20,2020-06-21T04:55:20,/archives/3434
posts,3432,https://rsg.com.tw/archives/3432,/archives/3432,渴望成為女人,2020-06-21T04:54:58,2020-06-21T04:54:58,/archives/3432
posts,3430,https://rsg.com.tw/archives/3430,/archives/3430,愛的路上，有你有我,2020-06-21T04:54:39,2020-06-21T04:54:39,/archives/3430
posts,3428,https://rsg.com.tw/archives/3428,/archives/3428,靠近自己，靠近伴侶,2020-06-21T04:54:22,2020-06-21T04:54:22,/archives/3428
posts,3426,https://rsg.com.tw/archives/3426,/archives/3426,1期 分享集錦,2020-06-21T04:54:01,2020-06-21T04:54:01,/archives/3426
posts,3424,https://rsg.com.tw/archives/3424,/archives/3424,成為完整的圓,2020-06-21T04:53:41,2020-06-21T04:53:41,/archives/3424
posts,3422,https://rsg.com.tw/archives/3422,/archives/3422,迎回自己的「內在女人」,2020-06-21T04:53:20,2020-06-21T04:53:20,/archives/3422
posts,3420,https://rsg.com.tw/archives/3420,/archives/3420,要面對的不是伴侶，而是自己,2020-06-21T04:53:01,2020-06-21T04:53:01,/archives/3420
posts,3418,https://rsg.com.tw/archives/3418,/archives/3418,重新接納，完整所有,2020-06-21T04:52:38,2020-06-21T04:52:38,/archives/3418
posts,3416,https://rsg.com.tw/archives/3416,/archives/3416,做回“女人”,2020-06-21T04:52:10,2020-06-21T04:52:10,/archives/3416
posts,3414,https://rsg.com.tw/archives/3414,/archives/3414,通往「幸福之路」的鑰匙,2020-06-21T04:51:48,2020-06-21T04:51:48,/archives/3414
posts,3412,https://rsg.com.tw/archives/3412,/archives/3412,愛，從自己開始,2020-06-21T04:51:29,2020-06-21T04:51:29,/archives/3412
posts,3410,https://rsg.com.tw/archives/3410,/archives/3410,25期 分享集錦,2020-06-21T04:51:05,2020-06-21T04:51:05,/archives/3410
posts,3408,https://rsg.com.tw/archives/3408,/archives/3408,發現最原始、最單純的愛,2020-06-21T04:50:44,2020-06-21T04:50:44,/archives/3408
posts,3406,https://rsg.com.tw/archives/3406,/archives/3406,走向自由的愛，覺知的愛,2020-06-21T04:50:23,2020-06-21T04:50:23,/archives/3406
posts,3404,https://rsg.com.tw/archives/3404,/archives/3404,回歸自己，感謝相遇,2020-06-21T04:50:03,2020-06-21T04:50:03,/archives/3404
posts,3402,https://rsg.com.tw/archives/3402,/archives/3402,24期 分享集錦,2020-06-21T04:49:44,2020-06-21T04:49:44,/archives/3402
posts,3400,https://rsg.com.tw/archives/3400,/archives/3400,看見並放下期望,2020-06-21T04:49:18,2020-06-21T04:49:18,/archives/3400
posts,3396,https://rsg.com.tw/archives/3396,/archives/3396,真心真意愛自己,2020-06-21T04:48:21,2020-06-21T04:49:00,/archives/3396
posts,3394,https://rsg.com.tw/archives/3394,/archives/3394,出口，就在自己身上,2020-06-21T04:46:23,2020-06-21T04:46:23,/archives/3394
posts,3392,https://rsg.com.tw/archives/3392,/archives/3392,完整自己，讓心自在,2020-06-21T04:46:03,2020-06-21T04:46:03,/archives/3392
posts,3390,https://rsg.com.tw/archives/3390,/archives/3390,更靠近自己,2020-06-21T04:45:43,2020-06-21T04:45:43,/archives/3390
posts,3388,https://rsg.com.tw/archives/3388,/archives/3388,23期-分享集錦,2020-06-21T04:45:23,2020-06-21T04:45:23,/archives/3388
posts,3386,https://rsg.com.tw/archives/3386,/archives/3386,創造幸福的兩性關係,2020-06-21T04:45:02,2020-06-21T04:45:02,/archives/3386
posts,3384,https://rsg.com.tw/archives/3384,/archives/3384,在愛的旅程中，與自己相遇,2020-06-21T04:44:40,2020-06-21T04:44:40,/archives/3384
posts,3382,https://rsg.com.tw/archives/3382,/archives/3382,呈現脆弱，表達需求，回到中心,2020-06-21T04:44:14,2020-06-21T04:44:14,/archives/3382
posts,3380,https://rsg.com.tw/archives/3380,/archives/3380,放下期望,2020-06-21T04:43:55,2020-06-21T04:43:55,/archives/3380
posts,3378,https://rsg.com.tw/archives/3378,/archives/3378,原來要面對的不是關係，是自己,2020-06-21T04:43:32,2020-06-21T04:43:32,/archives/3378
posts,3376,https://rsg.com.tw/archives/3376,/archives/3376,從兩性親密，看見自己,2020-06-21T04:43:11,2020-06-21T04:43:11,/archives/3376
posts,3374,https://rsg.com.tw/archives/3374,/archives/3374,還給伴侶本來的樣子，無比輕鬆,2020-06-21T04:42:51,2020-06-21T04:42:51,/archives/3374
posts,3372,https://rsg.com.tw/archives/3372,/archives/3372,從找一個人，找到“那個人”,2020-06-21T04:42:30,2020-06-21T04:42:30,/archives/3372
posts,3370,https://rsg.com.tw/archives/3370,/archives/3370,期望找尋失落的一角,2020-06-21T04:42:12,2020-06-21T04:42:12,/archives/3370
posts,3368,https://rsg.com.tw/archives/3368,/archives/3368,療癒傷痛，才有能力給出愛,2020-06-21T04:41:53,2020-06-21T04:41:53,/archives/3368
posts,3366,https://rsg.com.tw/archives/3366,/archives/3366,謝謝這三天開啟的美好…,2020-06-21T04:41:35,2020-06-21T04:41:35,/archives/3366
posts,3364,https://rsg.com.tw/archives/3364,/archives/3364,20期-分享集錦,2020-06-21T04:41:16,2020-06-21T04:41:16,/archives/3364
posts,3362,https://rsg.com.tw/archives/3362,/archives/3362,成為真正的女人,2020-06-21T04:40:59,2020-06-21T04:40:59,/archives/3362
posts,3360,https://rsg.com.tw/archives/3360,/archives/3360,找回完整的自己,2020-06-21T04:40:41,2020-06-21T04:40:41,/archives/3360
posts,3358,https://rsg.com.tw/archives/3358,/archives/3358,透過伴侶，看見、接納自己,2020-06-21T04:40:22,2020-06-21T04:40:22,/archives/3358
posts,3356,https://rsg.com.tw/archives/3356,/archives/3356,開心、平靜，回來了,2020-06-21T04:40:03,2020-06-21T04:40:03,/archives/3356
posts,3354,https://rsg.com.tw/archives/3354,/archives/3354,靠近自己，走向親密,2020-06-21T04:39:41,2020-06-21T04:39:41,/archives/3354
posts,3352,https://rsg.com.tw/archives/3352,/archives/3352,學習真正的愛與親密,2020-06-21T04:37:14,2020-06-21T04:37:25,/archives/3352
posts,3350,https://rsg.com.tw/archives/3350,/archives/3350,第4期 分享集錦,2020-06-21T04:26:17,2020-06-21T04:26:17,/archives/3350
posts,3348,https://rsg.com.tw/archives/3348,/archives/3348,合一的感動與美好,2020-06-21T04:25:51,2020-06-21T04:25:51,/archives/3348
posts,3346,https://rsg.com.tw/archives/3346,/archives/3346,第3期 分享集錦,2020-06-21T04:25:31,2020-06-21T04:25:31,/archives/3346
posts,3343,https://rsg.com.tw/archives/3343,/archives/3343,感謝生命的功課,2020-06-21T04:25:07,2020-06-21T04:25:07,/archives/3343
posts,3341,https://rsg.com.tw/archives/3341,/archives/3341,療癒、清理、整合,2020-06-21T04:24:27,2020-06-21T04:24:27,/archives/3341
posts,3339,https://rsg.com.tw/archives/3339,/archives/3339,體驗合一,2020-06-21T04:24:07,2020-06-21T04:24:07,/archives/3339
posts,3337,https://rsg.com.tw/archives/3337,/archives/3337,第2期 分享集錦,2020-06-21T04:23:44,2020-06-21T04:23:44,/archives/3337
posts,3335,https://rsg.com.tw/archives/3335,/archives/3335,第1期 分享集錦,2020-06-21T04:19:28,2020-06-21T04:19:28,/archives/3335
posts,3333,https://rsg.com.tw/archives/3333,/archives/3333,經驗一切，成為我的全部,2020-06-21T04:19:03,2020-06-21T04:19:03,/archives/3333
posts,3331,https://rsg.com.tw/archives/3331,/archives/3331,無為而為,2020-06-21T04:18:39,2020-06-21T04:18:39,/archives/3331
posts,3329,https://rsg.com.tw/archives/3329,/archives/3329,沒有目的，只有體驗，如是人生,2020-06-21T04:18:18,2020-06-21T04:18:18,/archives/3329
posts,3327,https://rsg.com.tw/archives/3327,/archives/3327,二元對立消失了，一切都是一,2020-06-21T04:17:57,2020-06-21T04:17:57,/archives/3327
posts,3325,https://rsg.com.tw/archives/3325,/archives/3325,2期 分享集錦,2020-06-21T03:05:56,2020-06-21T03:05:56,/archives/3325
posts,3323,https://rsg.com.tw/archives/3323,/archives/3323,覺醒之後做什麼？,2020-06-21T03:05:35,2020-06-21T03:05:35,/archives/3323
posts,3321,https://rsg.com.tw/archives/3321,/archives/3321,醒著生活，創造人生,2020-06-21T03:05:10,2020-06-21T03:05:10,/archives/3321
posts,3319,https://rsg.com.tw/archives/3319,/archives/3319,為什麼活著，什麼是真正的生命,2020-06-21T03:04:49,2020-06-21T03:04:49,/archives/3319
posts,3317,https://rsg.com.tw/archives/3317,/archives/3317,我是什麼，就創造什麼樣子的世界,2020-06-21T03:04:29,2020-06-21T03:04:29,/archives/3317
posts,3315,https://rsg.com.tw/archives/3315,/archives/3315,1期 分享集錦,2020-06-21T03:04:08,2020-06-21T03:04:08,/archives/3315
posts,3313,https://rsg.com.tw/archives/3313,/archives/3313,體驗萬物合一的美與純粹,2020-06-21T03:03:40,2020-06-21T03:03:40,/archives/3313
posts,3311,https://rsg.com.tw/archives/3311,/archives/3311,夢中清醒,2020-06-21T03:03:18,2020-06-21T03:03:18,/archives/3311
posts,3309,https://rsg.com.tw/archives/3309,/archives/3309,無限的可能,2020-06-21T03:02:57,2020-06-21T03:02:57,/archives/3309
posts,3307,https://rsg.com.tw/archives/3307,/archives/3307,我創造了一切，讓自己經歷,2020-06-21T03:02:37,2020-06-21T03:02:37,/archives/3307
posts,3305,https://rsg.com.tw/archives/3305,/archives/3305,生命，我信任你,2020-06-21T03:02:09,2020-06-21T03:02:09,/archives/3305
posts,3302,https://rsg.com.tw/archives/3302,/archives/3302,打破了過往的認知和信念,2020-06-21T03:01:34,2020-06-21T03:01:34,/archives/3302
posts,3301,https://rsg.com.tw/archives/3301,/archives/3301,「憶起」是一個美好的經歷,2020-06-21T03:01:05,2020-06-21T03:01:05,/archives/3301
posts,3299,https://rsg.com.tw/archives/3299,/archives/3299,8期 分享集錦,2020-06-21T02:26:03,2020-06-21T02:26:03,/archives/3299
posts,3297,https://rsg.com.tw/archives/3297,/archives/3297,拿起、放下、感謝,2020-06-21T02:25:38,2020-06-21T02:25:38,/archives/3297
posts,3295,https://rsg.com.tw/archives/3295,/archives/3295,帶著覺知活在當下,2020-06-21T02:25:18,2020-06-21T02:25:18,/archives/3295
posts,3293,https://rsg.com.tw/archives/3293,/archives/3293,超越言語的體驗與得到,2020-06-21T02:21:08,2020-06-21T02:21:08,/archives/3293
posts,3291,https://rsg.com.tw/archives/3291,/archives/3291,照見自己的心,2020-06-21T02:20:46,2020-06-21T02:20:46,/archives/3291
posts,3289,https://rsg.com.tw/archives/3289,/archives/3289,學習與自己相處,2020-06-21T02:20:24,2020-06-21T02:20:24,/archives/3289
posts,3287,https://rsg.com.tw/archives/3287,/archives/3287,靜心之美,2020-06-21T02:20:02,2020-06-21T02:20:02,/archives/3287
posts,3285,https://rsg.com.tw/archives/3285,/archives/3285,7期 分享集錦,2020-06-21T02:19:12,2020-06-21T02:19:12,/archives/3285
posts,3283,https://rsg.com.tw/archives/3283,/archives/3283,純粹的快樂,2020-06-21T02:18:53,2020-06-21T02:18:53,/archives/3283
posts,3281,https://rsg.com.tw/archives/3281,/archives/3281,感知更多生命的美好,2020-06-21T02:18:31,2020-06-21T02:18:31,/archives/3281
posts,3278,https://rsg.com.tw/archives/3278,/archives/3278,與萬物同在的平靜,2020-06-21T02:18:12,2020-06-21T02:18:12,/archives/3278
posts,3276,https://rsg.com.tw/archives/3276,/archives/3276,體驗每個當下,2020-06-21T02:17:53,2020-06-21T02:17:53,/archives/3276
posts,3274,https://rsg.com.tw/archives/3274,/archives/3274,觀照，帶來內心的平靜,2020-06-21T02:17:34,2020-06-21T02:17:34,/archives/3274
posts,3272,https://rsg.com.tw/archives/3272,/archives/3272,察覺，才有機會改變,2020-06-21T02:17:16,2020-06-21T02:17:16,/archives/3272
posts,3270,https://rsg.com.tw/archives/3270,/archives/3270,感謝生命這麼棒的禮物,2020-06-21T02:16:58,2020-06-21T02:16:58,/archives/3270
posts,3268,https://rsg.com.tw/archives/3268,/archives/3268,念頭暫時在一旁，由心接管,2020-06-21T02:16:35,2020-06-21T02:16:35,/archives/3268
posts,3266,https://rsg.com.tw/archives/3266,/archives/3266,允許情緒能量的流動,2020-06-21T02:16:15,2020-06-21T02:16:15,/archives/3266
posts,3262,https://rsg.com.tw/archives/3262,/archives/3262,願意面對真實的自己,2020-06-21T02:15:27,2020-06-21T02:15:27,/archives/3262
posts,3260,https://rsg.com.tw/archives/3260,/archives/3260,謝謝遇見內在的自己,2020-06-21T02:15:05,2020-06-21T02:15:05,/archives/3260
posts,3258,https://rsg.com.tw/archives/3258,/archives/3258,當下，真的很神奇！,2020-06-21T02:12:54,2020-06-21T02:12:54,/archives/3258
posts,3256,https://rsg.com.tw/archives/3256,/archives/3256,深刻的領悟,2020-06-21T02:10:33,2020-06-21T02:10:33,/archives/3256
posts,3254,https://rsg.com.tw/archives/3254,/archives/3254,原來我活在自己的想像之中,2020-06-21T02:10:14,2020-06-21T02:10:14,/archives/3254
posts,3252,https://rsg.com.tw/archives/3252,/archives/3252,找到靜的力量與愉悅,2020-06-21T02:09:39,2020-06-21T02:09:39,/archives/3252
posts,3250,https://rsg.com.tw/archives/3250,/archives/3250,5期 分享集錦,2020-06-21T02:09:10,2020-06-21T02:09:10,/archives/3250
posts,3248,https://rsg.com.tw/archives/3248,/archives/3248,將一切的來來去去，盡收眼底,2020-06-21T02:08:48,2020-06-21T02:08:48,/archives/3248
posts,3246,https://rsg.com.tw/archives/3246,/archives/3246,走入自己，感受當下,2020-06-21T02:08:26,2020-06-21T02:08:26,/archives/3246
posts,3244,https://rsg.com.tw/archives/3244,/archives/3244,存在於每一個覺知裡,2020-06-21T02:08:06,2020-06-21T02:08:06,/archives/3244
posts,3242,https://rsg.com.tw/archives/3242,/archives/3242,4期 分享集錦,2020-06-21T02:07:48,2020-06-21T02:07:48,/archives/3242
posts,3240,https://rsg.com.tw/archives/3240,/archives/3240,與生命合一,2020-06-21T02:07:27,2020-06-21T02:07:27,/archives/3240
posts,3238,https://rsg.com.tw/archives/3238,/archives/3238,遇見內在的神性,2020-06-21T02:07:06,2020-06-21T02:07:06,/archives/3238
posts,3236,https://rsg.com.tw/archives/3236,/archives/3236,身心釋放,2020-06-21T02:06:46,2020-06-21T02:06:46,/archives/3236
posts,3234,https://rsg.com.tw/archives/3234,/archives/3234,我的心，漸漸有了力量！,2020-06-21T02:06:21,2020-06-21T02:06:21,/archives/3234
posts,3232,https://rsg.com.tw/archives/3232,/archives/3232,『靜心觀照』的過程很美…,2020-06-21T02:06:00,2020-06-21T02:06:00,/archives/3232
posts,3229,https://rsg.com.tw/archives/3229,/archives/3229,靜不下的心，停不下的念頭,2020-06-21T02:04:35,2020-06-21T02:05:07,/archives/3229
posts,3227,https://rsg.com.tw/archives/3227,/archives/3227,生命自由，快樂無所不在,2020-06-21T02:04:18,2020-06-21T02:04:18,/archives/3227
posts,3225,https://rsg.com.tw/archives/3225,/archives/3225,平靜與全責的生活,2020-06-21T02:03:58,2020-06-21T02:03:58,/archives/3225
posts,3223,https://rsg.com.tw/archives/3223,/archives/3223,用『觀照』照亮我前方的路,2020-06-21T02:01:27,2020-06-21T02:01:27,/archives/3223
posts,3221,https://rsg.com.tw/archives/3221,/archives/3221,只有活在當下，才能真正的活著,2020-06-21T02:00:20,2020-06-21T02:00:20,/archives/3221
posts,3219,https://rsg.com.tw/archives/3219,/archives/3219,一切為心所造，一切如你所願,2020-06-21T01:59:52,2020-06-21T01:59:52,/archives/3219
posts,3217,https://rsg.com.tw/archives/3217,/archives/3217,1期-分享集錦,2020-06-21T01:59:31,2020-06-21T01:59:31,/archives/3217
posts,3215,https://rsg.com.tw/archives/3215,/archives/3215,『深度觀照』讓我經驗到的震撼與成長,2020-06-21T01:59:09,2020-06-21T01:59:09,/archives/3215
posts,3213,https://rsg.com.tw/archives/3213,/archives/3213,寧靜…致遠…,2020-06-21T01:58:45,2020-06-21T01:58:45,/archives/3213
posts,3211,https://rsg.com.tw/archives/3211,/archives/3211,16期 分享集錦,2020-06-21T01:52:58,2020-06-21T01:52:58,/archives/3211
posts,3209,https://rsg.com.tw/archives/3209,/archives/3209,面對療癒，認真生活,2020-06-21T01:52:32,2020-06-21T01:52:32,/archives/3209
posts,3207,https://rsg.com.tw/archives/3207,/archives/3207,找回失落已久的自己,2020-06-21T01:52:13,2020-06-21T01:52:13,/archives/3207
posts,3205,https://rsg.com.tw/archives/3205,/archives/3205,15期 分享集錦,2020-06-21T01:51:53,2020-06-21T01:51:53,/archives/3205
posts,3203,https://rsg.com.tw/archives/3203,/archives/3203,生命有如重生,2020-06-21T01:51:19,2020-06-21T01:51:19,/archives/3203
posts,3201,https://rsg.com.tw/archives/3201,/archives/3201,看見自己，看見愛,2020-06-21T01:50:55,2020-06-21T01:50:55,/archives/3201
posts,3199,https://rsg.com.tw/archives/3199,/archives/3199,14期 分享集錦,2020-06-21T01:50:30,2020-06-21T01:50:30,/archives/3199
posts,3197,https://rsg.com.tw/archives/3197,/archives/3197,生命的禮物,2020-06-21T01:50:10,2020-06-21T01:50:10,/archives/3197
posts,3194,https://rsg.com.tw/archives/3194,/archives/3194,非常有趣、特別，更深入自己,2020-06-21T01:49:51,2020-06-21T01:49:51,/archives/3194
posts,3192,https://rsg.com.tw/archives/3192,/archives/3192,看見、放下、釋懷,2020-06-21T01:49:32,2020-06-21T01:49:32,/archives/3192
posts,3190,https://rsg.com.tw/archives/3190,/archives/3190,重新接納父母的愛,2020-06-21T01:49:07,2020-06-21T01:49:07,/archives/3190
posts,3188,https://rsg.com.tw/archives/3188,/archives/3188,13期 分享集錦,2020-06-21T01:48:46,2020-06-21T01:48:46,/archives/3188
posts,3186,https://rsg.com.tw/archives/3186,/archives/3186,靠近自己,2020-06-21T01:45:32,2020-06-21T01:45:32,/archives/3186
posts,3184,https://rsg.com.tw/archives/3184,/archives/3184,對自己有很多新發現,2020-06-21T01:45:11,2020-06-21T01:45:11,/archives/3184
posts,3182,https://rsg.com.tw/archives/3182,/archives/3182,感謝自己,2020-06-21T01:44:53,2020-06-21T01:44:53,/archives/3182
posts,3180,https://rsg.com.tw/archives/3180,/archives/3180,更開心、更好的過生活,2020-06-21T01:44:32,2020-06-21T01:44:32,/archives/3180
posts,3177,https://rsg.com.tw/archives/3177,/archives/3177,更有力量為自己做些什麼,2020-06-21T01:44:13,2020-06-21T01:44:13,/archives/3177
posts,3175,https://rsg.com.tw/archives/3175,/archives/3175,生命很美，愛一直都在,2020-06-21T01:43:42,2020-06-21T01:43:42,/archives/3175
posts,3173,https://rsg.com.tw/archives/3173,/archives/3173,生命的轉化與蛻變,2020-06-21T01:43:24,2020-06-21T01:43:24,/archives/3173
posts,3171,https://rsg.com.tw/archives/3171,/archives/3171,外在的身體，反應內在的心靈,2020-06-21T01:43:03,2020-06-21T01:43:03,/archives/3171
posts,3169,https://rsg.com.tw/archives/3169,/archives/3169,成為自己的有愛父母,2020-06-21T01:42:41,2020-06-21T01:42:41,/archives/3169
posts,3167,https://rsg.com.tw/archives/3167,/archives/3167,看見與接納自己,2020-06-21T01:42:21,2020-06-21T01:42:21,/archives/3167
posts,3165,https://rsg.com.tw/archives/3165,/archives/3165,現在的我，更有力量,2020-06-21T01:41:59,2020-06-21T01:41:59,/archives/3165
posts,3163,https://rsg.com.tw/archives/3163,/archives/3163,愛每個自己,2020-06-21T01:41:36,2020-06-21T01:41:36,/archives/3163
posts,3161,https://rsg.com.tw/archives/3161,/archives/3161,12期 分享集錦,2020-06-21T01:33:34,2020-06-21T01:33:34,/archives/3161
posts,3159,https://rsg.com.tw/archives/3159,/archives/3159,得到重新出發的力量,2020-06-21T01:33:07,2020-06-21T01:33:07,/archives/3159
posts,3156,https://rsg.com.tw/archives/3156,/archives/3156,10期 分享集錦,2020-06-21T01:32:47,2020-06-21T01:32:47,/archives/3156
posts,3154,https://rsg.com.tw/archives/3154,/archives/3154,難忘的旅程,2020-06-21T01:32:26,2020-06-21T01:32:26,/archives/3154
posts,3152,https://rsg.com.tw/archives/3152,/archives/3152,擁抱遺失已久的自己,2020-06-21T01:28:53,2020-06-21T01:28:53,/archives/3152
posts,3150,https://rsg.com.tw/archives/3150,/archives/3150,終於和內在小孩見面,2020-06-21T01:28:31,2020-06-21T01:28:31,/archives/3150
posts,3148,https://rsg.com.tw/archives/3148,/archives/3148,把優秀可愛的自己愛回來,2020-06-21T01:26:01,2020-06-21T01:26:01,/archives/3148
posts,3146,https://rsg.com.tw/archives/3146,/archives/3146,9期分享集錦,2020-06-21T01:25:31,2020-06-21T01:25:31,/archives/3146
posts,3144,https://rsg.com.tw/archives/3144,/archives/3144,感到完整，充滿力量和平靜,2020-06-21T01:25:08,2020-06-21T01:25:08,/archives/3144
posts,3142,https://rsg.com.tw/archives/3142,/archives/3142,接納，對生命而言是最棒的溫柔,2020-06-21T01:24:47,2020-06-21T01:24:47,/archives/3142
posts,3140,https://rsg.com.tw/archives/3140,/archives/3140,接受自己，面對自己，讓愛流動,2020-06-21T01:24:26,2020-06-21T01:24:26,/archives/3140
posts,3138,https://rsg.com.tw/archives/3138,/archives/3138,釋放痛苦，到達平靜,2020-06-21T01:24:00,2020-06-21T01:24:00,/archives/3138
posts,3136,https://rsg.com.tw/archives/3136,/archives/3136,學習愛自己的全部,2020-06-21T01:23:38,2020-06-21T01:23:38,/archives/3136
posts,3134,https://rsg.com.tw/archives/3134,/archives/3134,感動自己走過的旅程,2020-06-21T01:23:16,2020-06-21T01:23:16,/archives/3134
posts,3132,https://rsg.com.tw/archives/3132,/archives/3132,愛自己身上的特質,2020-06-21T01:22:49,2020-06-21T01:22:49,/archives/3132
posts,3130,https://rsg.com.tw/archives/3130,/archives/3130,重新愛回自己,2020-06-21T01:22:27,2020-06-21T01:22:27,/archives/3130
posts,3128,https://rsg.com.tw/archives/3128,/archives/3128,共振與療癒,2020-06-21T01:22:05,2020-06-21T01:22:05,/archives/3128
posts,3126,https://rsg.com.tw/archives/3126,/archives/3126,7期-分享集錦,2020-06-21T01:21:36,2020-06-21T01:21:36,/archives/3126
posts,3124,https://rsg.com.tw/archives/3124,/archives/3124,“不愛”的背後,2020-06-21T01:21:11,2020-06-21T01:21:11,/archives/3124
posts,3122,https://rsg.com.tw/archives/3122,/archives/3122,與自己和好,2020-06-21T01:20:51,2020-06-21T01:20:51,/archives/3122
posts,3120,https://rsg.com.tw/archives/3120,/archives/3120,遇見久違的自己,2020-06-21T01:20:23,2020-06-21T01:20:23,/archives/3120
posts,3118,https://rsg.com.tw/archives/3118,/archives/3118,深深感謝每一個階段的自己,2020-06-21T01:20:01,2020-06-21T01:20:01,/archives/3118
posts,3116,https://rsg.com.tw/archives/3116,/archives/3116,深度的療癒過程,2020-06-21T01:19:31,2020-06-21T01:19:31,/archives/3116
posts,3114,https://rsg.com.tw/archives/3114,/archives/3114,很美、很深的啟發,2020-06-21T01:19:05,2020-06-21T01:19:05,/archives/3114
posts,3112,https://rsg.com.tw/archives/3112,/archives/3112,如釋重負,2020-06-21T01:18:44,2020-06-21T01:18:44,/archives/3112
posts,3110,https://rsg.com.tw/archives/3110,/archives/3110,整合內在，迎回力量,2020-06-21T01:18:22,2020-06-21T01:18:22,/archives/3110
posts,3108,https://rsg.com.tw/archives/3108,/archives/3108,踏上回家的路,2020-06-21T01:18:00,2020-06-21T01:18:00,/archives/3108
posts,3106,https://rsg.com.tw/archives/3106,/archives/3106,感謝自己,2020-06-21T01:17:38,2020-06-21T01:17:38,/archives/3106
posts,3104,https://rsg.com.tw/archives/3104,/archives/3104,愛回每一個階段的自己,2020-06-21T01:17:13,2020-06-21T01:17:13,/archives/3104
posts,3101,https://rsg.com.tw/archives/3101,/archives/3101,帶著愛繼續未來的路,2020-06-21T01:16:30,2020-06-21T01:16:40,/archives/3101
posts,3099,https://rsg.com.tw/archives/3099,/archives/3099,釋放愛的本我,2020-06-21T01:16:11,2020-06-21T01:16:11,/archives/3099
posts,3096,https://rsg.com.tw/archives/3096,/archives/3096,遇見不同時空的自己,2020-06-21T01:15:51,2020-06-21T01:15:51,/archives/3096
posts,3094,https://rsg.com.tw/archives/3094,/archives/3094,越來越喜歡自己,2020-06-21T01:15:30,2020-06-21T01:15:30,/archives/3094
posts,3092,https://rsg.com.tw/archives/3092,/archives/3092,善良的靈魂，美麗的天使,2020-06-21T01:15:09,2020-06-21T01:15:09,/archives/3092
posts,3090,https://rsg.com.tw/archives/3090,/archives/3090,欣賞自己，愛自己,2020-06-21T01:14:44,2020-06-21T01:14:44,/archives/3090
posts,3088,https://rsg.com.tw/archives/3088,/archives/3088,找到了我生而在世的目的,2020-06-21T01:14:21,2020-06-21T01:14:21,/archives/3088
posts,3086,https://rsg.com.tw/archives/3086,/archives/3086,找回喜悅與感動！,2020-06-21T01:14:01,2020-06-21T01:14:01,/archives/3086
posts,3084,https://rsg.com.tw/archives/3084,/archives/3084,我願意認真看待我的生命,2020-06-21T01:13:40,2020-06-21T01:13:40,/archives/3084
posts,3082,https://rsg.com.tw/archives/3082,/archives/3082,同理與包容,2020-06-21T01:13:17,2020-06-21T01:13:17,/archives/3082
posts,3080,https://rsg.com.tw/archives/3080,/archives/3080,不可思議的旅程,2020-06-21T01:12:56,2020-06-21T01:12:56,/archives/3080
posts,3078,https://rsg.com.tw/archives/3078,/archives/3078,3期-分享集錦,2020-06-21T01:12:33,2020-06-21T01:12:33,/archives/3078
posts,3076,https://rsg.com.tw/archives/3076,/archives/3076,68期 分享集錦,2020-06-21T00:27:15,2020-06-21T00:27:15,/archives/3076
posts,3074,https://rsg.com.tw/archives/3074,/archives/3074,找回自己，找回愛,2020-06-21T00:26:52,2020-06-21T00:26:52,/archives/3074
posts,3072,https://rsg.com.tw/archives/3072,/archives/3072,走出牢籠，活出生命的本質,2020-06-21T00:26:33,2020-06-21T00:26:33,/archives/3072
posts,3070,https://rsg.com.tw/archives/3070,/archives/3070,重新發掘生命的美好,2020-06-21T00:26:01,2020-06-21T00:26:01,/archives/3070
posts,3068,https://rsg.com.tw/archives/3068,/archives/3068,67期 分享集錦,2020-06-21T00:25:42,2020-06-21T00:25:42,/archives/3068
posts,3066,https://rsg.com.tw/archives/3066,/archives/3066,從“莫名其妙＂到“恍然大悟＂,2020-06-21T00:21:35,2020-06-21T00:21:35,/archives/3066
posts,3064,https://rsg.com.tw/archives/3064,/archives/3064,重新遇見天真、快樂的自己,2020-06-21T00:21:14,2020-06-21T00:21:14,/archives/3064
posts,3062,https://rsg.com.tw/archives/3062,/archives/3062,66期 分享集錦,2020-06-21T00:20:54,2020-06-21T00:20:54,/archives/3062
posts,3060,https://rsg.com.tw/archives/3060,/archives/3060,把自己找回來,2020-06-21T00:20:32,2020-06-21T00:20:32,/archives/3060
posts,3058,https://rsg.com.tw/archives/3058,/archives/3058,每一個遇見都如此美好,2020-06-21T00:20:11,2020-06-21T00:20:11,/archives/3058
posts,3056,https://rsg.com.tw/archives/3056,/archives/3056,重新接納自己,2020-06-21T00:19:48,2020-06-21T00:19:48,/archives/3056
posts,3054,https://rsg.com.tw/archives/3054,/archives/3054,學習好好愛自己,2020-06-21T00:19:27,2020-06-21T00:19:27,/archives/3054
posts,3052,https://rsg.com.tw/archives/3052,/archives/3052,點燃生命的火,2020-06-21T00:19:05,2020-06-21T00:19:05,/archives/3052
posts,3050,https://rsg.com.tw/archives/3050,/archives/3050,65期 分享集錦,2020-06-21T00:18:46,2020-06-21T00:18:46,/archives/3050
posts,3048,https://rsg.com.tw/archives/3048,/archives/3048,擁有自己想要的人生,2020-06-21T00:18:24,2020-06-21T00:18:24,/archives/3048
posts,3046,https://rsg.com.tw/archives/3046,/archives/3046,面對自己，愛自己,2020-06-21T00:18:03,2020-06-21T00:18:03,/archives/3046
posts,3044,https://rsg.com.tw/archives/3044,/archives/3044,看見脆弱,2020-06-21T00:17:42,2020-06-21T00:17:42,/archives/3044
posts,3042,https://rsg.com.tw/archives/3042,/archives/3042,64期 分享集錦,2020-06-21T00:17:22,2020-06-21T00:17:22,/archives/3042
posts,3040,https://rsg.com.tw/archives/3040,/archives/3040,認識自己是誰,2020-06-21T00:17:02,2020-06-21T00:17:02,/archives/3040
posts,3038,https://rsg.com.tw/archives/3038,/archives/3038,迎回自己的內在力量,2020-06-21T00:16:39,2020-06-21T00:16:39,/archives/3038
posts,3036,https://rsg.com.tw/archives/3036,/archives/3036,找到生命的出口,2020-06-21T00:16:16,2020-06-21T00:16:16,/archives/3036
posts,3034,https://rsg.com.tw/archives/3034,/archives/3034,63期 分享集錦,2020-06-21T00:15:56,2020-06-21T00:15:56,/archives/3034
posts,3032,https://rsg.com.tw/archives/3032,/archives/3032,我要一個無憾的人生！,2020-06-21T00:15:34,2020-06-21T00:15:34,/archives/3032
posts,3030,https://rsg.com.tw/archives/3030,/archives/3030,勇氣，是我面對困難的力量！,2020-06-21T00:14:50,2020-06-21T00:14:50,/archives/3030
posts,3028,https://rsg.com.tw/archives/3028,/archives/3028,面對傷痛，帶來療癒,2020-06-21T00:14:30,2020-06-21T00:14:30,/archives/3028
posts,3026,https://rsg.com.tw/archives/3026,/archives/3026,62期 分享集錦,2020-06-21T00:14:07,2020-06-21T00:14:07,/archives/3026
posts,3024,https://rsg.com.tw/archives/3024,/archives/3024,與自己的脆弱共處,2020-06-21T00:13:45,2020-06-21T00:13:45,/archives/3024
posts,3022,https://rsg.com.tw/archives/3022,/archives/3022,61期 分享集錦,2020-06-21T00:13:24,2020-06-21T00:13:24,/archives/3022
posts,3020,https://rsg.com.tw/archives/3020,/archives/3020,活出自己真實的樣子,2020-06-21T00:13:04,2020-06-21T00:13:04,/archives/3020
posts,3018,https://rsg.com.tw/archives/3018,/archives/3018,為自己的生命找到出口,2020-06-21T00:12:42,2020-06-21T00:12:42,/archives/3018
posts,3016,https://rsg.com.tw/archives/3016,/archives/3016,做最真實的自己,2020-06-21T00:12:10,2020-06-21T00:12:10,/archives/3016
posts,3014,https://rsg.com.tw/archives/3014,/archives/3014,愛，讓我更有力量，更有勇氣,2020-06-20T23:58:53,2020-06-20T23:58:53,/archives/3014
posts,3012,https://rsg.com.tw/archives/3012,/archives/3012,遇見自卑的自己,2020-06-20T23:58:31,2020-06-20T23:58:31,/archives/3012
posts,3010,https://rsg.com.tw/archives/3010,/archives/3010,療癒自己，找回愛的力量,2020-06-20T23:57:57,2020-06-20T23:57:57,/archives/3010
posts,3008,https://rsg.com.tw/archives/3008,/archives/3008,60期 分享期錦,2020-06-20T23:57:34,2020-06-20T23:57:34,/archives/3008
posts,3006,https://rsg.com.tw/archives/3006,/archives/3006,我，更完整了,2020-06-20T23:57:13,2020-06-20T23:57:13,/archives/3006
posts,3004,https://rsg.com.tw/archives/3004,/archives/3004,我的心被灌滿～滿滿的能量,2020-06-20T23:56:48,2020-06-20T23:56:48,/archives/3004
posts,3002,https://rsg.com.tw/archives/3002,/archives/3002,走出自信的自己,2020-06-20T23:56:28,2020-06-20T23:56:28,/archives/3002
posts,3000,https://rsg.com.tw/archives/3000,/archives/3000,從未感到如此輕鬆,2020-06-20T23:56:08,2020-06-20T23:56:08,/archives/3000
posts,2998,https://rsg.com.tw/archives/2998,/archives/2998,學會放過自己，愛自己,2020-06-20T23:55:38,2020-06-20T23:55:38,/archives/2998
posts,2996,https://rsg.com.tw/archives/2996,/archives/2996,59期-分享集錦,2020-06-20T23:55:13,2020-06-20T23:55:13,/archives/2996
posts,2994,https://rsg.com.tw/archives/2994,/archives/2994,內心充盈圓滿，充滿力量,2020-06-20T23:54:47,2020-06-20T23:54:47,/archives/2994
posts,2992,https://rsg.com.tw/archives/2992,/archives/2992,成為自己的內在父母,2020-06-20T23:54:18,2020-06-20T23:54:18,/archives/2992
posts,2990,https://rsg.com.tw/archives/2990,/archives/2990,面對自己，安撫傷痛，帶來不可思議的力量,2020-06-20T23:53:52,2020-06-20T23:53:52,/archives/2990
posts,2988,https://rsg.com.tw/archives/2988,/archives/2988,觸碰靈魂，活出自己,2020-06-20T23:53:28,2020-06-20T23:53:28,/archives/2988
posts,2986,https://rsg.com.tw/archives/2986,/archives/2986,“找回自己”的旅程,2020-06-20T23:53:06,2020-06-20T23:53:06,/archives/2986
posts,2984,https://rsg.com.tw/archives/2984,/archives/2984,58期-分享集錦,2020-06-20T23:52:42,2020-06-20T23:52:42,/archives/2984
posts,2982,https://rsg.com.tw/archives/2982,/archives/2982,愛回自己，與自己越來越靠近,2020-06-20T23:52:13,2020-06-20T23:52:13,/archives/2982
posts,2980,https://rsg.com.tw/archives/2980,/archives/2980,生命中的“豁然開朗”,2020-06-20T23:51:46,2020-06-20T23:51:46,/archives/2980
posts,2978,https://rsg.com.tw/archives/2978,/archives/2978,找到生命中最美的那朵花,2020-06-20T23:51:21,2020-06-20T23:51:21,/archives/2978
posts,2976,https://rsg.com.tw/archives/2976,/archives/2976,看見失落的拼圖,2020-06-20T23:50:49,2020-06-20T23:50:49,/archives/2976
posts,2974,https://rsg.com.tw/archives/2974,/archives/2974,了解生命的義意，活出自己,2020-06-20T23:50:27,2020-06-20T23:50:27,/archives/2974
posts,2972,https://rsg.com.tw/archives/2972,/archives/2972,有限的人生，無限的愛,2020-06-20T23:49:51,2020-06-20T23:49:51,/archives/2972
posts,2970,https://rsg.com.tw/archives/2970,/archives/2970,找到生命的答案,2020-06-20T23:49:28,2020-06-20T23:49:28,/archives/2970
posts,2968,https://rsg.com.tw/archives/2968,/archives/2968,和自己連結，感受愛的流動與力量,2020-06-20T23:49:06,2020-06-20T23:49:06,/archives/2968
posts,2966,https://rsg.com.tw/archives/2966,/archives/2966,從心改變,2020-06-20T23:48:33,2020-06-20T23:48:33,/archives/2966
posts,2963,https://rsg.com.tw/archives/2963,/archives/2963,朝向～自信、熱情、快樂、幸福的旅程,2020-06-20T23:47:55,2020-06-20T23:48:11,/archives/2963
posts,2961,https://rsg.com.tw/archives/2961,/archives/2961,選擇愛,2020-06-20T23:47:11,2020-06-20T23:47:11,/archives/2961
posts,2959,https://rsg.com.tw/archives/2959,/archives/2959,自我確認～我是,2020-06-20T23:46:47,2020-06-20T23:46:47,/archives/2959
posts,2957,https://rsg.com.tw/archives/2957,/archives/2957,從心出發，活出真實的自己,2020-06-20T23:46:19,2020-06-20T23:46:19,/archives/2957
posts,2955,https://rsg.com.tw/archives/2955,/archives/2955,與勇氣相遇,2020-06-20T23:45:54,2020-06-20T23:45:54,/archives/2955
posts,2953,https://rsg.com.tw/archives/2953,/archives/2953,心旅程,2020-06-20T23:45:30,2020-06-20T23:45:30,/archives/2953
posts,2951,https://rsg.com.tw/archives/2951,/archives/2951,生命如此的美麗,2020-06-20T23:44:53,2020-06-20T23:44:53,/archives/2951
posts,2949,https://rsg.com.tw/archives/2949,/archives/2949,找回自己,2020-06-20T23:44:29,2020-06-20T23:44:29,/archives/2949
posts,2947,https://rsg.com.tw/archives/2947,/archives/2947,活出精彩的生命,2020-06-20T23:44:07,2020-06-20T23:44:07,/archives/2947
posts,2945,https://rsg.com.tw/archives/2945,/archives/2945,面對自己，活出自己的人生,2020-06-20T23:43:31,2020-06-20T23:43:31,/archives/2945
posts,2943,https://rsg.com.tw/archives/2943,/archives/2943,無論我是一個什麼樣的人，我愛我自己,2020-06-20T23:43:12,2020-06-20T23:43:12,/archives/2943
posts,2941,https://rsg.com.tw/archives/2941,/archives/2941,學會為自己的生命負責,2020-06-20T23:42:52,2020-06-20T23:42:52,/archives/2941
posts,2939,https://rsg.com.tw/archives/2939,/archives/2939,生命一定會因此而有所改變,2020-06-20T23:42:31,2020-06-20T23:42:31,/archives/2939
posts,2937,https://rsg.com.tw/archives/2937,/archives/2937,放下面具，真正做自己,2020-06-20T23:42:11,2020-06-20T23:42:11,/archives/2937
posts,2935,https://rsg.com.tw/archives/2935,/archives/2935,看見自己比較的背後，竟是…,2020-06-20T23:41:43,2020-06-20T23:41:43,/archives/2935
posts,2933,https://rsg.com.tw/archives/2933,/archives/2933,面對自己，愛自己，成為快樂的人,2020-06-20T23:41:10,2020-06-20T23:41:10,/archives/2933
posts,2931,https://rsg.com.tw/archives/2931,/archives/2931,這三天，我終於找到“出口”,2020-06-20T23:29:28,2020-06-20T23:29:28,/archives/2931
posts,2929,https://rsg.com.tw/archives/2929,/archives/2929,善待自己，感覺自己的存在,2020-06-20T23:29:06,2020-06-20T23:29:06,/archives/2929
posts,2927,https://rsg.com.tw/archives/2927,/archives/2927,期待自己精彩的人生,2020-06-20T23:28:40,2020-06-20T23:28:40,/archives/2927
posts,2925,https://rsg.com.tw/archives/2925,/archives/2925,愛回來了,2020-06-20T23:28:18,2020-06-20T23:28:18,/archives/2925
posts,2923,https://rsg.com.tw/archives/2923,/archives/2923,找回自己,2020-06-20T23:27:34,2020-06-20T23:27:34,/archives/2923
posts,2921,https://rsg.com.tw/archives/2921,/archives/2921,為自己的真心渴望，重新出發,2020-06-20T23:27:02,2020-06-20T23:27:02,/archives/2921
posts,2919,https://rsg.com.tw/archives/2919,/archives/2919,接納不完美的自己,2020-06-20T23:26:38,2020-06-20T23:26:38,/archives/2919
posts,2917,https://rsg.com.tw/archives/2917,/archives/2917,傾聽許久不見的內在孩童,2020-06-20T23:26:17,2020-06-20T23:26:17,/archives/2917
posts,2915,https://rsg.com.tw/archives/2915,/archives/2915,打開心門,2020-06-20T23:25:45,2020-06-20T23:25:45,/archives/2915
posts,2913,https://rsg.com.tw/archives/2913,/archives/2913,找回遺失已久的信心,2020-06-20T23:25:23,2020-06-20T23:25:23,/archives/2913
posts,2911,https://rsg.com.tw/archives/2911,/archives/2911,更深地了解自己、接納自己、愛自己,2020-06-20T23:25:03,2020-06-20T23:25:03,/archives/2911
posts,2909,https://rsg.com.tw/archives/2909,/archives/2909,遇見自己,2020-06-20T23:24:42,2020-06-20T23:24:42,/archives/2909
posts,2906,https://rsg.com.tw/archives/2906,/archives/2906,167期 分享集錦,2020-06-20T14:39:16,2020-06-20T14:39:16,/archives/2906
posts,2904,https://rsg.com.tw/archives/2904,/archives/2904,豐盛與愛的流動，真是太美了,2020-06-20T14:38:53,2020-06-20T14:38:53,/archives/2904
posts,2902,https://rsg.com.tw/archives/2902,/archives/2902,走向回家的路,2020-06-20T14:38:23,2020-06-20T14:38:23,/archives/2902
posts,2900,https://rsg.com.tw/archives/2900,/archives/2900,166期 分享集錦,2020-06-20T14:37:47,2020-06-20T14:37:47,/archives/2900
posts,2898,https://rsg.com.tw/archives/2898,/archives/2898,合一的感覺充滿力量與喜悅,2020-06-20T14:37:23,2020-06-20T14:37:23,/archives/2898
posts,2896,https://rsg.com.tw/archives/2896,/archives/2896,165期 分享集錦,2020-06-20T14:36:56,2020-06-20T14:36:56,/archives/2896
posts,2894,https://rsg.com.tw/archives/2894,/archives/2894,感受到真誠及發自內心的愛,2020-06-20T14:36:33,2020-06-20T14:36:33,/archives/2894
posts,2892,https://rsg.com.tw/archives/2892,/archives/2892,為何越愛越不快樂,2020-06-20T14:35:54,2020-06-20T14:35:54,/archives/2892
posts,2890,https://rsg.com.tw/archives/2890,/archives/2890,164期 分享集錦,2020-06-20T14:35:31,2020-06-20T14:35:31,/archives/2890
posts,2887,https://rsg.com.tw/archives/2887,/archives/2887,學習與孩子之間互愛尊重,2020-06-20T14:35:07,2020-06-20T14:35:07,/archives/2887
posts,2885,https://rsg.com.tw/archives/2885,/archives/2885,生命的豁然開朗,2020-06-20T14:34:37,2020-06-20T14:34:37,/archives/2885
posts,2883,https://rsg.com.tw/archives/2883,/archives/2883,163期 分享集錦,2020-06-20T14:34:14,2020-06-20T14:34:14,/archives/2883
posts,2881,https://rsg.com.tw/archives/2881,/archives/2881,生命的安排如此美妙,2020-06-20T14:33:45,2020-06-20T14:33:45,/archives/2881
posts,2879,https://rsg.com.tw/archives/2879,/archives/2879,生命的如實如是,2020-06-20T14:33:21,2020-06-20T14:33:21,/archives/2879
posts,2877,https://rsg.com.tw/archives/2877,/archives/2877,162期 分享集錦,2020-06-20T14:32:57,2020-06-20T14:32:57,/archives/2877
posts,2875,https://rsg.com.tw/archives/2875,/archives/2875,161期 分享集錦,2020-06-20T14:32:33,2020-06-20T14:32:33,/archives/2875
posts,2873,https://rsg.com.tw/archives/2873,/archives/2873,看見發生，用愛和解,2020-06-20T14:32:06,2020-06-20T14:32:06,/archives/2873
posts,2871,https://rsg.com.tw/archives/2871,/archives/2871,成長為真正的女人,2020-06-20T14:31:42,2020-06-20T14:31:42,/archives/2871
posts,2869,https://rsg.com.tw/archives/2869,/archives/2869,159期 分享集錦,2020-06-20T14:31:17,2020-06-20T14:31:17,/archives/2869
posts,2867,https://rsg.com.tw/archives/2867,/archives/2867,允許自己,2020-06-20T14:28:38,2020-06-20T14:28:38,/archives/2867
posts,2865,https://rsg.com.tw/archives/2865,/archives/2865,157期 分享集錦,2020-06-20T13:57:54,2020-06-20T13:57:54,/archives/2865
posts,2863,https://rsg.com.tw/archives/2863,/archives/2863,重生,2020-06-20T13:57:25,2020-06-20T13:57:25,/archives/2863
posts,2861,https://rsg.com.tw/archives/2861,/archives/2861,生命不再孤單,2020-06-20T13:56:59,2020-06-20T13:56:59,/archives/2861
posts,2859,https://rsg.com.tw/archives/2859,/archives/2859,心靈療癒,2020-06-20T13:56:21,2020-06-20T13:56:21,/archives/2859
posts,2857,https://rsg.com.tw/archives/2857,/archives/2857,156期 分享集錦,2020-06-20T13:55:58,2020-06-20T13:55:58,/archives/2857
posts,2855,https://rsg.com.tw/archives/2855,/archives/2855,讓愛流動，一切有所不同,2020-06-20T13:55:34,2020-06-20T13:55:34,/archives/2855
posts,2853,https://rsg.com.tw/archives/2853,/archives/2853,圓滿關係，療癒心靈,2020-06-20T13:51:21,2020-06-20T13:51:21,/archives/2853
posts,2851,https://rsg.com.tw/archives/2851,/archives/2851,圓滿關係，療癒心靈,2020-06-20T13:50:55,2020-06-20T13:50:55,/archives/2851
posts,2849,https://rsg.com.tw/archives/2849,/archives/2849,活出幸福快樂,2020-06-20T13:50:32,2020-06-20T13:50:32,/archives/2849
posts,2847,https://rsg.com.tw/archives/2847,/archives/2847,在愛中成長成熟，成為完整的自己,2020-06-20T13:50:07,2020-06-20T13:50:07,/archives/2847
posts,2845,https://rsg.com.tw/archives/2845,/archives/2845,155期 分享集錦,2020-06-20T13:49:43,2020-06-20T13:49:43,/archives/2845
posts,2843,https://rsg.com.tw/archives/2843,/archives/2843,與父母重新連結，感受愛,2020-06-20T13:49:17,2020-06-20T13:49:17,/archives/2843
posts,2841,https://rsg.com.tw/archives/2841,/archives/2841,回歸家庭，走向幸福快樂,2020-06-20T13:48:54,2020-06-20T13:48:54,/archives/2841
posts,2839,https://rsg.com.tw/archives/2839,/archives/2839,生命的善意,2020-06-20T13:48:28,2020-06-20T13:48:28,/archives/2839
posts,2837,https://rsg.com.tw/archives/2837,/archives/2837,不再怪罪&#038;拯救父母,2020-06-20T13:48:05,2020-06-20T13:48:05,/archives/2837
posts,2835,https://rsg.com.tw/archives/2835,/archives/2835,154期 分享集錦,2020-06-20T13:47:42,2020-06-20T13:47:42,/archives/2835
posts,2831,https://rsg.com.tw/archives/2831,/archives/2831,謝謝自己，願意開始改變、不同,2020-06-20T13:47:10,2020-06-20T13:47:10,/archives/2831
posts,2832,https://rsg.com.tw/archives/2832,/archives/2832,更有勇氣、力量、智慧走人生的道路,2020-06-20T13:46:43,2020-06-20T13:46:43,/archives/2832
posts,2829,https://rsg.com.tw/archives/2829,/archives/2829,153期 分享集錦,2020-06-20T13:45:49,2020-06-20T13:45:49,/archives/2829
posts,2825,https://rsg.com.tw/archives/2825,/archives/2825,尊重過去所有的發生，離開重複模式,2020-06-20T13:44:39,2020-06-20T13:44:39,/archives/2825
posts,2823,https://rsg.com.tw/archives/2823,/archives/2823,連結父母的愛，溫暖、感動而有力量,2020-06-20T13:44:12,2020-06-20T13:44:12,/archives/2823
posts,2821,https://rsg.com.tw/archives/2821,/archives/2821,活出精彩,2020-06-20T13:43:45,2020-06-20T13:43:45,/archives/2821
posts,2819,https://rsg.com.tw/archives/2819,/archives/2819,不可思議の旅程,2020-06-20T13:43:23,2020-06-20T13:43:23,/archives/2819
posts,2817,https://rsg.com.tw/archives/2817,/archives/2817,往幸福的道路前進,2020-06-20T13:42:59,2020-06-20T13:42:59,/archives/2817
posts,2815,https://rsg.com.tw/archives/2815,/archives/2815,152期 分享集錦,2020-06-20T13:42:34,2020-06-20T13:42:34,/archives/2815
posts,2813,https://rsg.com.tw/archives/2813,/archives/2813,151期 分享集錦,2020-06-20T13:42:07,2020-06-20T13:42:07,/archives/2813
posts,2811,https://rsg.com.tw/archives/2811,/archives/2811,生命再次流動,2020-06-20T13:41:39,2020-06-20T13:41:39,/archives/2811
posts,2809,https://rsg.com.tw/archives/2809,/archives/2809,150期 分享集錦,2020-06-20T13:39:17,2020-06-20T13:39:17,/archives/2809
posts,2807,https://rsg.com.tw/archives/2807,/archives/2807,讓生命獲得重生,2020-06-20T12:50:12,2020-06-20T12:50:12,/archives/2807
posts,2805,https://rsg.com.tw/archives/2805,/archives/2805,看見真實的自己,2020-06-20T12:49:40,2020-06-20T12:49:40,/archives/2805
posts,2803,https://rsg.com.tw/archives/2803,/archives/2803,為疑惑的人生，找到答案,2020-06-20T12:49:16,2020-06-20T12:49:16,/archives/2803
posts,2801,https://rsg.com.tw/archives/2801,/archives/2801,我想與人有更好的關係,2020-06-20T12:48:40,2020-06-20T12:48:40,/archives/2801
posts,2799,https://rsg.com.tw/archives/2799,/archives/2799,「轉身成為男人，創造屬於我的人生！,2020-06-20T12:48:14,2020-06-20T12:48:14,/archives/2799
posts,2797,https://rsg.com.tw/archives/2797,/archives/2797,從「問號」到「驚嘆號」！,2020-06-20T12:47:34,2020-06-20T12:47:34,/archives/2797
posts,2795,https://rsg.com.tw/archives/2795,/archives/2795,爸爸，你可以看看我嗎？,2020-06-20T12:47:00,2020-06-20T12:47:00,/archives/2795
posts,2793,https://rsg.com.tw/archives/2793,/archives/2793,149期 集錦分享,2020-06-20T12:46:32,2020-06-20T12:46:32,/archives/2793
posts,2791,https://rsg.com.tw/archives/2791,/archives/2791,愛自己，欣賞自己,2020-06-20T12:46:06,2020-06-20T12:46:06,/archives/2791
posts,2789,https://rsg.com.tw/archives/2789,/archives/2789,尊重和愛，讓生命不同,2020-06-20T12:45:45,2020-06-20T12:45:45,/archives/2789
posts,2787,https://rsg.com.tw/archives/2787,/archives/2787,148期 分享集錦,2020-06-20T12:44:21,2020-06-20T12:44:21,/archives/2787
posts,2785,https://rsg.com.tw/archives/2785,/archives/2785,147期 分享集錦,2020-06-20T12:43:53,2020-06-20T12:43:53,/archives/2785
posts,2783,https://rsg.com.tw/archives/2783,/archives/2783,146期 分享集錦,2020-06-20T12:43:24,2020-06-20T12:43:24,/archives/2783
posts,2781,https://rsg.com.tw/archives/2781,/archives/2781,解答生命中的疑惑,2020-06-20T12:42:54,2020-06-20T12:42:54,/archives/2781
posts,2779,https://rsg.com.tw/archives/2779,/archives/2779,釋放禁錮已久的心靈,2020-06-20T12:42:31,2020-06-20T12:42:31,/archives/2779
posts,2777,https://rsg.com.tw/archives/2777,/archives/2777,圓滿我在乎的關係,2020-06-20T12:41:49,2020-06-20T12:41:49,/archives/2777
posts,2775,https://rsg.com.tw/archives/2775,/archives/2775,連結媽媽溫暖的愛,2020-06-20T12:41:22,2020-06-20T12:41:22,/archives/2775
posts,2773,https://rsg.com.tw/archives/2773,/archives/2773,找回行動力與勇氣,2020-06-20T12:41:00,2020-06-20T12:41:00,/archives/2773
posts,2771,https://rsg.com.tw/archives/2771,/archives/2771,心靈自由,2020-06-20T12:40:36,2020-06-20T12:40:36,/archives/2771
posts,2769,https://rsg.com.tw/archives/2769,/archives/2769,144期 分享集錦,2020-06-20T12:40:16,2020-06-20T12:40:16,/archives/2769
posts,2767,https://rsg.com.tw/archives/2767,/archives/2767,看見母親，承認並尊重她的位子,2020-06-20T12:39:40,2020-06-20T12:39:40,/archives/2767
posts,2765,https://rsg.com.tw/archives/2765,/archives/2765,143期 分享集錦,2020-06-20T12:39:03,2020-06-20T12:39:03,/archives/2765
posts,2763,https://rsg.com.tw/archives/2763,/archives/2763,回家的路,2020-06-20T12:38:25,2020-06-20T12:38:25,/archives/2763
posts,2761,https://rsg.com.tw/archives/2761,/archives/2761,看見生命的指引,2020-06-20T12:37:48,2020-06-20T12:37:48,/archives/2761
posts,2759,https://rsg.com.tw/archives/2759,/archives/2759,看到了生命的溫馨與甜美,2020-06-20T12:37:14,2020-06-20T12:37:14,/archives/2759
posts,2757,https://rsg.com.tw/archives/2757,/archives/2757,生命的浩瀚與自由,2020-06-20T12:32:22,2020-06-20T12:32:22,/archives/2757
posts,2755,https://rsg.com.tw/archives/2755,/archives/2755,142期-分享集錦,2020-06-20T12:31:13,2020-06-20T12:31:13,/archives/2755
posts,2753,https://rsg.com.tw/archives/2753,/archives/2753,枯萎的生命，可以開始笑容燦爛,2020-06-20T12:30:28,2020-06-20T12:30:28,/archives/2753
posts,2751,https://rsg.com.tw/archives/2751,/archives/2751,生命的轉身，重生與祝福,2020-06-20T12:29:51,2020-06-20T12:29:51,/archives/2751
posts,2749,https://rsg.com.tw/archives/2749,/archives/2749,重新開始我的人生,2020-06-20T12:29:12,2020-06-20T12:29:12,/archives/2749
posts,2747,https://rsg.com.tw/archives/2747,/archives/2747,重新拾起生命碎片,2020-06-20T12:28:25,2020-06-20T12:28:25,/archives/2747
posts,2745,https://rsg.com.tw/archives/2745,/archives/2745,美麗動人的旅程,2020-06-20T12:27:36,2020-06-20T12:27:36,/archives/2745
posts,2743,https://rsg.com.tw/archives/2743,/archives/2743,140期分享集錦,2020-06-20T12:27:01,2020-06-20T12:27:01,/archives/2743
posts,2741,https://rsg.com.tw/archives/2741,/archives/2741,139期分享集錦,2020-06-20T12:23:50,2020-06-20T12:23:50,/archives/2741
posts,2739,https://rsg.com.tw/archives/2739,/archives/2739,學會尊重、放手、轉身,2020-06-20T12:23:04,2020-06-20T12:23:04,/archives/2739
posts,2737,https://rsg.com.tw/archives/2737,/archives/2737,感受愛、平靜與力量,2020-06-20T12:22:28,2020-06-20T12:22:28,/archives/2737
posts,2735,https://rsg.com.tw/archives/2735,/archives/2735,圓滿是最好的結局,2020-06-20T12:21:42,2020-06-20T12:21:42,/archives/2735
posts,2733,https://rsg.com.tw/archives/2733,/archives/2733,現在的我，很快樂,2020-06-20T12:21:10,2020-06-20T12:21:10,/archives/2733
posts,2731,https://rsg.com.tw/archives/2731,/archives/2731,重新為自己而活,2020-06-20T12:20:38,2020-06-20T12:20:38,/archives/2731
posts,2729,https://rsg.com.tw/archives/2729,/archives/2729,有了走出第一步的勇氣,2020-06-20T12:20:00,2020-06-20T12:20:00,/archives/2729
posts,2727,https://rsg.com.tw/archives/2727,/archives/2727,如何當好「太太」的角色,2020-06-20T12:19:17,2020-06-20T12:19:17,/archives/2727
posts,2725,https://rsg.com.tw/archives/2725,/archives/2725,創造自我價值，榮耀家族，榮耀生命,2020-06-20T12:18:46,2020-06-20T12:18:46,/archives/2725
posts,2723,https://rsg.com.tw/archives/2723,/archives/2723,重新看到家和愛,2020-06-20T12:14:40,2020-06-20T12:14:40,/archives/2723
posts,2721,https://rsg.com.tw/archives/2721,/archives/2721,人生能夠如此地活，很值得！,2020-06-20T12:14:03,2020-06-20T12:14:03,/archives/2721
posts,2719,https://rsg.com.tw/archives/2719,/archives/2719,137期 分享集錦,2020-06-20T12:13:29,2020-06-20T12:13:29,/archives/2719
posts,2717,https://rsg.com.tw/archives/2717,/archives/2717,領受生命的力量,2020-06-20T12:12:11,2020-06-20T12:12:11,/archives/2717
posts,2715,https://rsg.com.tw/archives/2715,/archives/2715,圓滿和父親的關係,2020-06-20T12:11:24,2020-06-20T12:11:24,/archives/2715
posts,2713,https://rsg.com.tw/archives/2713,/archives/2713,越來越愛自己,2020-06-20T12:10:19,2020-06-20T12:10:19,/archives/2713
posts,2711,https://rsg.com.tw/archives/2711,/archives/2711,啟動療癒的力量,2020-06-20T12:09:38,2020-06-20T12:09:38,/archives/2711
posts,2709,https://rsg.com.tw/archives/2709,/archives/2709,這堂課，對我意義重大,2020-06-20T12:08:36,2020-06-20T12:08:36,/archives/2709
posts,2707,https://rsg.com.tw/archives/2707,/archives/2707,啟發生命的旅程,2020-06-20T12:07:57,2020-06-20T12:07:57,/archives/2707
posts,2705,https://rsg.com.tw/archives/2705,/archives/2705,我的人生將重啟光彩與幸福,2020-06-20T12:07:06,2020-06-20T12:07:06,/archives/2705
posts,2703,https://rsg.com.tw/archives/2703,/archives/2703,生命的重生,2020-06-20T12:06:34,2020-06-20T12:06:34,/archives/2703
posts,2701,https://rsg.com.tw/archives/2701,/archives/2701,一起經歷生命的改變,2020-06-20T12:06:03,2020-06-20T12:06:03,/archives/2701
posts,2699,https://rsg.com.tw/archives/2699,/archives/2699,135期-分享集錦,2020-06-20T12:05:14,2020-06-20T12:05:14,/archives/2699
posts,2697,https://rsg.com.tw/archives/2697,/archives/2697,找回我的母愛,2020-06-20T12:04:36,2020-06-20T12:04:36,/archives/2697
posts,2695,https://rsg.com.tw/archives/2695,/archives/2695,我等這個機會好久了,2020-06-20T12:03:51,2020-06-20T12:03:51,/archives/2695
posts,2693,https://rsg.com.tw/archives/2693,/archives/2693,人生的新希望,2020-06-20T12:02:17,2020-06-20T12:02:17,/archives/2693
posts,2691,https://rsg.com.tw/archives/2691,/archives/2691,134期-分享集錦,2020-06-20T12:01:32,2020-06-20T12:01:32,/archives/2691
posts,2689,https://rsg.com.tw/archives/2689,/archives/2689,133期-分享集錦,2020-06-20T12:00:53,2020-06-20T12:00:53,/archives/2689
posts,2687,https://rsg.com.tw/archives/2687,/archives/2687,131期-分享集錦,2020-06-20T12:00:15,2020-06-20T12:00:15,/archives/2687
posts,2685,https://rsg.com.tw/archives/2685,/archives/2685,以真實的自己活著,2020-06-20T11:59:33,2020-06-20T11:59:33,/archives/2685
posts,2683,https://rsg.com.tw/archives/2683,/archives/2683,在父母的愛和祝福裡，我永遠幸福！,2020-06-20T11:58:37,2020-06-20T11:58:37,/archives/2683
posts,2681,https://rsg.com.tw/archives/2681,/archives/2681,找到活下去的力量與勇氣,2020-06-20T11:57:57,2020-06-20T11:57:57,/archives/2681
posts,2679,https://rsg.com.tw/archives/2679,/archives/2679,走在「回家」的路上,2020-06-20T11:57:08,2020-06-20T11:57:08,/archives/2679
posts,2677,https://rsg.com.tw/archives/2677,/archives/2677,放手，帶來輕鬆與自由,2020-06-20T11:56:14,2020-06-20T11:56:14,/archives/2677
posts,2675,https://rsg.com.tw/archives/2675,/archives/2675,帶著愛，超越糾葛，穿越傷痛,2020-06-20T11:55:21,2020-06-20T11:55:21,/archives/2675
posts,2673,https://rsg.com.tw/archives/2673,/archives/2673,從退縮，面對，到突破,2020-06-20T11:54:28,2020-06-20T11:54:28,/archives/2673
posts,2671,https://rsg.com.tw/archives/2671,/archives/2671,圓滿與女兒的關係,2020-06-20T11:53:20,2020-06-20T11:53:20,/archives/2671
posts,2669,https://rsg.com.tw/archives/2669,/archives/2669,學員分享集錦,2020-06-20T11:52:35,2020-06-20T11:52:35,/archives/2669
posts,2667,https://rsg.com.tw/archives/2667,/archives/2667,讓愛恢復它原有的美好樣貌,2020-06-20T11:50:58,2020-06-20T11:50:58,/archives/2667
posts,2665,https://rsg.com.tw/archives/2665,/archives/2665,家族支持的力量，可以這麼強而有力！,2020-06-20T11:49:39,2020-06-20T11:49:39,/archives/2665
posts,2075,https://rsg.com.tw/archives/2075,/archives/2075,課程介紹-意識覺醒,2020-06-11T05:58:04,2021-04-26T07:18:47,/archives/2075
posts,2065,https://rsg.com.tw/archives/2065,/archives/2065,課程介紹-豐盛致富工作坊,2020-06-11T05:40:33,2022-03-29T02:05:25,/archives/2065
posts,2063,https://rsg.com.tw/archives/2063,/archives/2063,課程介紹-愛與幸福工作坊,2020-06-11T05:39:55,2021-08-16T03:56:10,/archives/2063
posts,2061,https://rsg.com.tw/archives/2061,/archives/2061,生命專車工作坊,2020-06-11T05:39:15,2026-06-26T06:33:50,/archives/2061
posts,2059,https://rsg.com.tw/archives/2059,/archives/2059,深度轉化工作坊,2020-06-11T05:37:30,2025-11-11T11:52:15,/archives/2059
posts,2056,https://rsg.com.tw/archives/2056,/archives/2056,課程介紹-靜心觀照,2020-06-11T05:34:06,2021-08-11T10:35:53,/archives/2056
posts,2054,https://rsg.com.tw/archives/2054,/archives/2054,課程介紹-內在小孩療癒,2020-06-11T05:33:04,2021-08-16T03:54:01,/archives/2054
posts,2050,https://rsg.com.tw/archives/2050,/archives/2050,認識自己 活出美好 工作坊,2020-06-11T05:31:33,2022-06-14T04:07:21,/archives/2050
posts,2025,https://rsg.com.tw/archives/2025,/archives/2025,學員分享-豐盛致富工作坊,2020-06-11T04:22:43,2020-06-17T13:04:12,/archives/2025
posts,2023,https://rsg.com.tw/archives/2023,/archives/2023,學員分享-愛與幸福工作坊,2020-06-11T04:22:18,2020-06-17T12:53:13,/archives/2023
posts,2021,https://rsg.com.tw/archives/2021,/archives/2021,學員分享-生命專車工作坊,2020-06-11T04:21:52,2020-11-06T04:26:23,/archives/2021
posts,2019,https://rsg.com.tw/archives/2019,/archives/2019,學員分享-深度轉化進階課程,2020-06-11T04:21:35,2020-06-17T12:34:19,/archives/2019
posts,2017,https://rsg.com.tw/archives/2017,/archives/2017,學員分享-意識覺醒,2020-06-11T04:21:11,2020-06-17T12:13:07,/archives/2017
posts,2015,https://rsg.com.tw/archives/2015,/archives/2015,學員分享-靜心觀照,2020-06-11T04:20:52,2020-06-17T11:46:56,/archives/2015
posts,2013,https://rsg.com.tw/archives/2013,/archives/2013,學員分享-內在小孩療癒,2020-06-11T04:20:26,2021-03-22T03:45:48,/archives/2013
posts,2011,https://rsg.com.tw/archives/2011,/archives/2011,學員分享-活出角色工作坊,2020-06-11T04:19:38,2021-03-22T03:39:44,/archives/2011
posts,2009,https://rsg.com.tw/archives/2009,/archives/2009,學員分享-關係工作坊,2020-06-11T04:19:02,2020-06-20T11:24:55,/archives/2009
events,7575,https://rsg.com.tw/events/%e8%8a%b1%e5%9c%92%e6%84%8f%e8%ad%98%e8%83%bd%e9%87%8f%e5%8d%a1%ef%bc%bbi%e9%9a%8e%ef%bc%bd%e5%b7%a5%e4%bd%9c%e5%9d%8a-3,/events/花園意識能量卡［i階］工作坊-3,花園意識能量卡［I階］工作坊,2026-05-10 04:38:40,2026-05-10 04:38:40,/events/花園意識能量卡［i階］工作坊-3
events,7521,https://rsg.com.tw/events/%e4%bc%81%e6%a5%ad%e5%a4%96%e8%a8%93-37,/events/企業外訓-37,企業外訓,2026-02-11 09:49:46,2026-02-11 09:49:46,/events/企業外訓-37
events,7577,https://rsg.com.tw/events/%e4%b8%bb%e9%a1%8c%e6%95%b4%e5%90%88%e6%8e%92%e5%88%97%e5%b7%a5%e4%bd%9c%e5%9d%8a%e2%94%80%e4%ba%8b%e6%a5%ad%e3%80%81%e5%b7%a5%e4%bd%9c,/events/主題整合排列工作坊─事業、工作,主題整合排列工作坊─事業、工作,2026-05-10 04:39:43,2026-05-10 04:39:43,/events/主題整合排列工作坊─事業、工作
events,7523,https://rsg.com.tw/events/%e4%bc%81%e6%a5%ad%e5%a4%96%e8%a8%93-38,/events/企業外訓-38,企業外訓,2026-02-11 09:50:39,2026-02-11 09:50:39,/events/企業外訓-38
events,7579,https://rsg.com.tw/events/%e8%8a%b1%e5%9c%92%e6%84%8f%e8%ad%98%e8%83%bd%e9%87%8f%e5%8d%a1%ef%bc%bbi%e9%9a%8e%ef%bc%bd%e5%b7%a5%e4%bd%9c%e5%9d%8a-4,/events/花園意識能量卡［i階］工作坊-4,花園意識能量卡［I階］工作坊,2026-05-10 04:39:30,2026-05-10 04:39:30,/events/花園意識能量卡［i階］工作坊-4
media,7623,https://rsg.com.tw/wp-content/uploads/2026/08/關係花園_課程-115-0810-2-1.png,/wp-content/uploads/2026/08/關係花園_課程-115-0810-2-1.png,關係花園_課程 115-0810-2,2026-08-10T08:45:01,2026-08-10T08:45:01,/media/2026/08/關係花園_課程-115-0810-2-1.png
media,7622,https://rsg.com.tw/wp-content/uploads/2026/08/關係花園_課程-115-0810-2-2.png,/wp-content/uploads/2026/08/關係花園_課程-115-0810-2-2.png,關係花園_課程 115-0810 (2)-2,2026-08-10T08:45:00,2026-08-10T08:45:00,/media/2026/08/關係花園_課程-115-0810-2-2.png
media,7616,https://rsg.com.tw/wp-content/uploads/2026/06/S__102211634.jpg,/wp-content/uploads/2026/06/S__102211634.jpg,S__102211634,2026-08-09T04:27:57,2026-08-09T04:27:57,/media/2026/06/S__102211634.jpg
media,7605,https://rsg.com.tw/wp-content/uploads/2026/07/關係花園_課程_生命能量卡2.png,/wp-content/uploads/2026/07/關係花園_課程_生命能量卡2.png,關係花園_課程_生命能量卡2,2026-07-15T04:36:57,2026-07-15T04:36:57,/media/2026/07/關係花園_課程_生命能量卡2.png
media,7604,https://rsg.com.tw/wp-content/uploads/2026/07/關係花園_課程_生命能量卡1.png,/wp-content/uploads/2026/07/關係花園_課程_生命能量卡1.png,關係花園_課程_生命能量卡1,2026-07-15T04:36:55,2026-07-15T04:36:55,/media/2026/07/關係花園_課程_生命能量卡1.png
media,7602,https://rsg.com.tw/wp-content/uploads/2026/06/關係花園_課程_生命專車-53.png,/wp-content/uploads/2026/06/關係花園_課程_生命專車-53.png,關係花園_課程_生命專車-53,2026-06-26T06:35:31,2026-06-26T06:35:31,/media/2026/06/關係花園_課程_生命專車-53.png
media,7597,https://rsg.com.tw/wp-content/uploads/2026/06/關係花園_課程-_tiny10.png,/wp-content/uploads/2026/06/關係花園_課程-_tiny10.png,關係花園_課程 _tiny(10),2026-06-02T02:56:00,2026-06-02T02:56:00,/media/2026/06/關係花園_課程-_tiny10.png
media,7593,https://rsg.com.tw/wp-content/uploads/2026/06/花園意識能量卡-初階二日工作坊-主圖.png,/wp-content/uploads/2026/06/花園意識能量卡-初階二日工作坊-主圖.png,花園意識能量卡-初階二日工作坊-主圖,2026-06-02T02:52:24,2026-06-02T02:52:24,/media/2026/06/花園意識能量卡-初階二日工作坊-主圖.png
media,7566,https://rsg.com.tw/wp-content/uploads/2026/04/關係花園生命藍圖_課程img-9.png,/wp-content/uploads/2026/04/關係花園生命藍圖_課程img-9.png,關係花園生命藍圖_課程img (9),2026-04-29T09:29:08,2026-04-29T09:29:08,/media/2026/04/關係花園生命藍圖_課程img-9.png
media,7561,https://rsg.com.tw/wp-content/uploads/2026/04/生命藍圖工作坊主圖.jpg,/wp-content/uploads/2026/04/生命藍圖工作坊主圖.jpg,生命藍圖工作坊主圖,2026-04-29T09:13:42,2026-04-29T09:13:42,/media/2026/04/生命藍圖工作坊主圖.jpg
media,7541,https://rsg.com.tw/wp-content/uploads/2026/03/關係花園_生命專車.png,/wp-content/uploads/2026/03/關係花園_生命專車.png,關係花園_生命專車,2026-03-30T03:11:09,2026-03-30T03:11:09,/media/2026/03/關係花園_生命專車.png
media,7540,https://rsg.com.tw/wp-content/uploads/2026/03/關係花園_課程-7_0.png,/wp-content/uploads/2026/03/關係花園_課程-7_0.png,關係花園_課程 (7)_0,2026-03-30T03:05:58,2026-03-30T03:05:58,/media/2026/03/關係花園_課程-7_0.png
media,7539,https://rsg.com.tw/wp-content/uploads/2026/03/關係花園_課程-6_0.png,/wp-content/uploads/2026/03/關係花園_課程-6_0.png,關係花園_課程 (6)_0,2026-03-30T03:05:50,2026-03-30T03:05:50,/media/2026/03/關係花園_課程-6_0.png
media,7531,https://rsg.com.tw/wp-content/uploads/2026/02/生命整合工作坊-主圖.jpg,/wp-content/uploads/2026/02/生命整合工作坊-主圖.jpg,生命整合工作坊-主圖,2026-02-26T06:22:12,2026-02-26T06:22:12,/media/2026/02/生命整合工作坊-主圖.jpg
media,7528,https://rsg.com.tw/wp-content/uploads/2026/02/關係花園_課程-5.png,/wp-content/uploads/2026/02/關係花園_課程-5.png,關係花園_課程 (5),2026-02-21T09:05:19,2026-02-21T09:05:19,/media/2026/02/關係花園_課程-5.png
media,7511,https://rsg.com.tw/wp-content/uploads/2026/02/3.jpg,/wp-content/uploads/2026/02/3.jpg,3,2026-02-06T11:42:46,2026-02-06T11:42:46,/media/2026/02/3.jpg
media,7510,https://rsg.com.tw/wp-content/uploads/2026/02/2.jpg,/wp-content/uploads/2026/02/2.jpg,2,2026-02-06T11:42:43,2026-02-06T11:42:43,/media/2026/02/2.jpg
media,7509,https://rsg.com.tw/wp-content/uploads/2026/02/1.jpg,/wp-content/uploads/2026/02/1.jpg,1,2026-02-06T11:42:41,2026-02-06T11:42:41,/media/2026/02/1.jpg
media,7496,https://rsg.com.tw/wp-content/uploads/2026/01/除舊啟動主圖.jpg,/wp-content/uploads/2026/01/除舊啟動主圖.jpg,除舊啟動主圖,2026-01-13T07:23:50,2026-01-13T07:23:50,/media/2026/01/除舊啟動主圖.jpg
media,7492,https://rsg.com.tw/wp-content/uploads/2026/01/推薦好友上課2.png,/wp-content/uploads/2026/01/推薦好友上課2.png,推薦好友上課2,2026-01-12T08:09:40,2026-01-12T08:09:40,/media/2026/01/推薦好友上課2.png
media,7479,https://rsg.com.tw/wp-content/uploads/2026/01/關係花園_課程啟動.png,/wp-content/uploads/2026/01/關係花園_課程啟動.png,關係花園_課程啟動,2026-01-12T05:37:50,2026-01-12T05:37:50,/media/2026/01/關係花園_課程啟動.png
media,7478,https://rsg.com.tw/wp-content/uploads/2026/01/關係花園_課程除舊.png,/wp-content/uploads/2026/01/關係花園_課程除舊.png,關係花園_課程除舊,2026-01-12T05:37:47,2026-01-12T05:37:47,/media/2026/01/關係花園_課程除舊.png
media,7473,https://rsg.com.tw/wp-content/uploads/2020/06/生命專車-新主圖-20251231.jpg,/wp-content/uploads/2020/06/生命專車-新主圖-20251231.jpg,生命專車-新主圖-20251231,2025-12-31T07:44:09,2025-12-31T07:44:09,/media/2020/06/生命專車-新主圖-20251231.jpg
media,7467,https://rsg.com.tw/wp-content/uploads/2025/12/關係花園_課程-20251226-2.png,/wp-content/uploads/2025/12/關係花園_課程-20251226-2.png,關係花園_課程-20251226-2,2025-12-26T06:13:59,2025-12-26T06:13:59,/media/2025/12/關係花園_課程-20251226-2.png
media,7461,https://rsg.com.tw/wp-content/uploads/2025/12/關係花園-關係聊天室-PODCAST-1.jpg,/wp-content/uploads/2025/12/關係花園-關係聊天室-PODCAST-1.jpg,關係花園 關係聊天室 PODCAST (1),2025-12-23T11:10:35,2025-12-23T11:10:35,/media/2025/12/關係花園-關係聊天室-PODCAST-1.jpg
media,7451,https://rsg.com.tw/wp-content/uploads/2025/12/7-2.png,/wp-content/uploads/2025/12/7-2.png,7-2,2025-12-19T08:45:56,2025-12-19T08:45:56,/media/2025/12/7-2.png
media,7450,https://rsg.com.tw/wp-content/uploads/2025/12/15-1.png,/wp-content/uploads/2025/12/15-1.png,15-1,2025-12-19T08:41:31,2025-12-19T08:41:31,/media/2025/12/15-1.png
media,7449,https://rsg.com.tw/wp-content/uploads/2025/12/14-1.png,/wp-content/uploads/2025/12/14-1.png,14-1,2025-12-19T08:41:29,2025-12-19T08:41:29,/media/2025/12/14-1.png
media,7448,https://rsg.com.tw/wp-content/uploads/2025/12/13-1.png,/wp-content/uploads/2025/12/13-1.png,13-1,2025-12-19T08:41:26,2025-12-19T08:41:26,/media/2025/12/13-1.png
media,7447,https://rsg.com.tw/wp-content/uploads/2025/12/12-1.png,/wp-content/uploads/2025/12/12-1.png,12-1,2025-12-19T08:41:24,2025-12-19T08:41:24,/media/2025/12/12-1.png
media,7446,https://rsg.com.tw/wp-content/uploads/2025/12/11-1.png,/wp-content/uploads/2025/12/11-1.png,11-1,2025-12-19T08:41:22,2025-12-19T08:41:22,/media/2025/12/11-1.png
media,7445,https://rsg.com.tw/wp-content/uploads/2025/12/10-1.png,/wp-content/uploads/2025/12/10-1.png,10-1,2025-12-19T08:41:19,2025-12-19T08:41:19,/media/2025/12/10-1.png
media,7444,https://rsg.com.tw/wp-content/uploads/2025/12/9-1.png,/wp-content/uploads/2025/12/9-1.png,9-1,2025-12-19T08:41:17,2025-12-19T08:41:17,/media/2025/12/9-1.png
media,7443,https://rsg.com.tw/wp-content/uploads/2025/12/8-1.png,/wp-content/uploads/2025/12/8-1.png,8-1,2025-12-19T08:41:14,2025-12-19T08:41:14,/media/2025/12/8-1.png
media,7441,https://rsg.com.tw/wp-content/uploads/2025/12/6-1.png,/wp-content/uploads/2025/12/6-1.png,6-1,2025-12-19T08:41:10,2025-12-19T08:41:10,/media/2025/12/6-1.png
media,7440,https://rsg.com.tw/wp-content/uploads/2025/12/5-1.png,/wp-content/uploads/2025/12/5-1.png,5-1,2025-12-19T08:41:08,2025-12-19T08:41:08,/media/2025/12/5-1.png
media,7439,https://rsg.com.tw/wp-content/uploads/2025/12/4-1.png,/wp-content/uploads/2025/12/4-1.png,4-1,2025-12-19T08:41:06,2025-12-19T08:41:06,/media/2025/12/4-1.png
media,7438,https://rsg.com.tw/wp-content/uploads/2025/12/3-1.png,/wp-content/uploads/2025/12/3-1.png,3-1,2025-12-19T08:41:04,2025-12-19T08:41:04,/media/2025/12/3-1.png
media,7437,https://rsg.com.tw/wp-content/uploads/2025/12/2-1.png,/wp-content/uploads/2025/12/2-1.png,2-1,2025-12-19T08:41:02,2025-12-19T08:41:02,/media/2025/12/2-1.png
media,7436,https://rsg.com.tw/wp-content/uploads/2025/12/1-1.png,/wp-content/uploads/2025/12/1-1.png,1-1,2025-12-19T08:41:00,2025-12-19T08:41:00,/media/2025/12/1-1.png
media,7405,https://rsg.com.tw/wp-content/uploads/2025/12/共創展頁面-主圖.jpg,/wp-content/uploads/2025/12/共創展頁面-主圖.jpg,共創展頁面-主圖,2025-12-18T04:03:58,2025-12-18T04:03:58,/media/2025/12/共創展頁面-主圖.jpg
media,7342,https://rsg.com.tw/wp-content/uploads/2025/11/20251128_03_企業一對一_0.jpg,/wp-content/uploads/2025/11/20251128_03_企業一對一_0.jpg,20251128_03_企業一對一_0,2025-11-28T07:09:21,2025-11-28T07:09:21,/media/2025/11/20251128_03_企業一對一_0.jpg
media,7341,https://rsg.com.tw/wp-content/uploads/2025/11/20251128_01_一對一催眠_0.jpg,/wp-content/uploads/2025/11/20251128_01_一對一催眠_0.jpg,20251128_01_一對一催眠_0,2025-11-28T07:09:14,2025-11-28T07:09:14,/media/2025/11/20251128_01_一對一催眠_0.jpg
media,7288,https://rsg.com.tw/wp-content/uploads/2025/11/學習主軸主圖.jpg,/wp-content/uploads/2025/11/學習主軸主圖.jpg,學習主軸主圖,2025-11-11T11:07:26,2025-11-11T11:07:26,/media/2025/11/學習主軸主圖.jpg
media,7283,https://rsg.com.tw/wp-content/uploads/2025/11/RsgLogo-favicon.png,/wp-content/uploads/2025/11/RsgLogo-favicon.png,RsgLogo-favicon,2025-11-11T10:59:14,2025-11-11T10:59:14,/media/2025/11/RsgLogo-favicon.png
media,7282,https://rsg.com.tw/wp-content/uploads/2025/11/6.jpg,/wp-content/uploads/2025/11/6.jpg,6,2025-11-11T10:58:56,2025-11-11T10:58:56,/media/2025/11/6.jpg
media,7281,https://rsg.com.tw/wp-content/uploads/2025/11/5.jpg,/wp-content/uploads/2025/11/5.jpg,5,2025-11-11T10:58:55,2025-11-11T10:58:55,/media/2025/11/5.jpg
media,7280,https://rsg.com.tw/wp-content/uploads/2025/11/4.jpg,/wp-content/uploads/2025/11/4.jpg,4,2025-11-11T10:58:54,2025-11-11T10:58:54,/media/2025/11/4.jpg
media,7279,https://rsg.com.tw/wp-content/uploads/2025/11/3-1.jpg,/wp-content/uploads/2025/11/3-1.jpg,3,2025-11-11T10:58:53,2025-11-11T10:58:53,/media/2025/11/3-1.jpg
media,7278,https://rsg.com.tw/wp-content/uploads/2025/11/2-1.jpg,/wp-content/uploads/2025/11/2-1.jpg,2,2025-11-11T10:58:52,2025-11-11T10:58:52,/media/2025/11/2-1.jpg
media,7277,https://rsg.com.tw/wp-content/uploads/2025/11/1-1.jpg,/wp-content/uploads/2025/11/1-1.jpg,1,2025-11-11T10:58:51,2025-11-11T10:58:51,/media/2025/11/1-1.jpg
media,7276,https://rsg.com.tw/wp-content/uploads/2025/11/RsgLogo-Zhtw-En-075.png,/wp-content/uploads/2025/11/RsgLogo-Zhtw-En-075.png,RsgLogo-Zhtw-En-075,2025-11-11T10:58:42,2025-11-11T10:58:42,/media/2025/11/RsgLogo-Zhtw-En-075.png
media,7275,https://rsg.com.tw/wp-content/uploads/2025/11/RsgLogo-Zhtw-En-050.png,/wp-content/uploads/2025/11/RsgLogo-Zhtw-En-050.png,RsgLogo-Zhtw-En-050,2025-11-11T10:58:41,2025-11-11T10:58:41,/media/2025/11/RsgLogo-Zhtw-En-050.png
media,7274,https://rsg.com.tw/wp-content/uploads/2025/11/img六大特色05.png,/wp-content/uploads/2025/11/img六大特色05.png,img六大特色05,2025-11-11T10:58:30,2025-11-11T10:58:30,/media/2025/11/img六大特色05.png
media,7273,https://rsg.com.tw/wp-content/uploads/2025/11/img六大特色04.png,/wp-content/uploads/2025/11/img六大特色04.png,img六大特色04,2025-11-11T10:58:29,2025-11-11T10:58:29,/media/2025/11/img六大特色04.png
media,7272,https://rsg.com.tw/wp-content/uploads/2025/11/img六大特色03.png,/wp-content/uploads/2025/11/img六大特色03.png,img六大特色03,2025-11-11T10:58:29,2025-11-11T10:58:29,/media/2025/11/img六大特色03.png
media,7271,https://rsg.com.tw/wp-content/uploads/2025/11/img六大特色02.png,/wp-content/uploads/2025/11/img六大特色02.png,img六大特色02,2025-11-11T10:58:28,2025-11-11T10:58:28,/media/2025/11/img六大特色02.png
media,7270,https://rsg.com.tw/wp-content/uploads/2025/11/img六大特色01.png,/wp-content/uploads/2025/11/img六大特色01.png,img六大特色01,2025-11-11T10:58:28,2025-11-11T10:58:28,/media/2025/11/img六大特色01.png
media,7269,https://rsg.com.tw/wp-content/uploads/2025/11/5.png,/wp-content/uploads/2025/11/5.png,5,2025-11-11T10:58:17,2025-11-11T12:00:47,/media/2025/11/5.png
media,7268,https://rsg.com.tw/wp-content/uploads/2025/11/4.png,/wp-content/uploads/2025/11/4.png,4,2025-11-11T10:58:14,2025-11-11T12:00:34,/media/2025/11/4.png
media,7267,https://rsg.com.tw/wp-content/uploads/2025/11/3.png,/wp-content/uploads/2025/11/3.png,3,2025-11-11T10:58:12,2025-11-11T12:00:25,/media/2025/11/3.png
media,7266,https://rsg.com.tw/wp-content/uploads/2025/11/2.png,/wp-content/uploads/2025/11/2.png,2,2025-11-11T10:58:10,2025-11-11T12:00:13,/media/2025/11/2.png
media,7265,https://rsg.com.tw/wp-content/uploads/2025/11/1.png,/wp-content/uploads/2025/11/1.png,1,2025-11-11T10:58:07,2025-11-11T11:59:51,/media/2025/11/1.png
media,7264,https://rsg.com.tw/wp-content/uploads/2025/11/3.jpg,/wp-content/uploads/2025/11/3.jpg,3,2025-11-11T10:58:01,2025-11-11T10:58:01,/media/2025/11/3.jpg
media,7263,https://rsg.com.tw/wp-content/uploads/2025/11/2.jpg,/wp-content/uploads/2025/11/2.jpg,2,2025-11-11T10:58:00,2025-11-11T10:58:00,/media/2025/11/2.jpg
media,7262,https://rsg.com.tw/wp-content/uploads/2025/11/1.jpg,/wp-content/uploads/2025/11/1.jpg,1,2025-11-11T10:57:59,2025-11-11T10:57:59,/media/2025/11/1.jpg
media,7257,https://rsg.com.tw/wp-content/uploads/2025/08/20250823-01.jpg,/wp-content/uploads/2025/08/20250823-01.jpg,20250823-01,2025-08-25T08:17:30,2025-08-25T08:17:30,/media/2025/08/20250823-01.jpg
media,7254,https://rsg.com.tw/wp-content/uploads/2025/08/最新課程主圖.jpg,/wp-content/uploads/2025/08/最新課程主圖.jpg,最新課程主圖,2025-08-23T08:52:49,2025-08-23T08:52:49,/media/2025/08/最新課程主圖.jpg
media,7245,https://rsg.com.tw/wp-content/uploads/2025/08/20250820_生命數字工作坊_01.jpg,/wp-content/uploads/2025/08/20250820_生命數字工作坊_01.jpg,20250820_生命數字工作坊_01,2025-08-20T06:30:11,2025-08-20T06:30:11,/media/2025/08/20250820_生命數字工作坊_01.jpg
media,7235,https://rsg.com.tw/wp-content/uploads/2021/10/20250820-03.jpg,/wp-content/uploads/2021/10/20250820-03.jpg,20250820-03,2025-08-20T05:58:32,2025-08-20T05:58:32,/media/2021/10/20250820-03.jpg
media,7220,https://rsg.com.tw/wp-content/uploads/2025/08/20250805-01.jpg,/wp-content/uploads/2025/08/20250805-01.jpg,20250805-01,2025-08-05T09:24:26,2025-08-05T09:24:26,/media/2025/08/20250805-01.jpg
media,7217,https://rsg.com.tw/wp-content/uploads/2025/07/主題整合系統排列-主圖0729.jpg,/wp-content/uploads/2025/07/主題整合系統排列-主圖0729.jpg,主題整合系統排列-主圖0729,2025-07-29T15:35:02,2025-07-29T15:35:02,/media/2025/07/主題整合系統排列-主圖0729.jpg
media,7215,https://rsg.com.tw/wp-content/uploads/2025/07/20250729_主題整合_財富_01.jpg,/wp-content/uploads/2025/07/20250729_主題整合_財富_01.jpg,20250729_主題整合_財富_01,2025-07-29T11:12:40,2025-07-29T11:12:40,/media/2025/07/20250729_主題整合_財富_01.jpg
media,7203,https://rsg.com.tw/wp-content/uploads/2025/07/FLORA-1-1.png,/wp-content/uploads/2025/07/FLORA-1-1.png,FLORA-1-1,2025-07-20T04:50:19,2025-07-20T04:50:19,/media/2025/07/FLORA-1-1.png
media,7202,https://rsg.com.tw/wp-content/uploads/2025/07/FLORA-2.png,/wp-content/uploads/2025/07/FLORA-2.png,FLORA-2,2025-07-20T03:37:52,2025-07-20T03:37:52,/media/2025/07/FLORA-2.png
media,7194,https://rsg.com.tw/wp-content/uploads/2025/07/幸福？不幸福？暢聊親密關係-9.18.png,/wp-content/uploads/2025/07/幸福？不幸福？暢聊親密關係-9.18.png,幸福？不幸福？暢聊親密關係-9.18,2025-07-13T15:12:57,2025-07-13T15:12:57,/media/2025/07/幸福？不幸福？暢聊親密關係-9.18.png
media,7192,https://rsg.com.tw/wp-content/uploads/2025/07/20250710_主題式整合排列_財富_01.jpg,/wp-content/uploads/2025/07/20250710_主題式整合排列_財富_01.jpg,20250710_主題式整合排列_財富_01,2025-07-13T15:10:17,2025-07-13T15:10:17,/media/2025/07/20250710_主題式整合排列_財富_01.jpg
media,7185,https://rsg.com.tw/wp-content/uploads/2025/07/主題整合系統排列-主圖.jpg,/wp-content/uploads/2025/07/主題整合系統排列-主圖.jpg,主題整合系統排列-主圖,2025-07-13T07:33:53,2025-07-13T07:33:53,/media/2025/07/主題整合系統排列-主圖.jpg
media,7162,https://rsg.com.tw/wp-content/uploads/2025/06/開啟感知力-主視覺-0608.png,/wp-content/uploads/2025/06/開啟感知力-主視覺-0608.png,開啟感知力-主視覺-0608,2025-06-11T05:45:10,2025-06-11T05:45:10,/media/2025/06/開啟感知力-主視覺-0608.png
media,7159,https://rsg.com.tw/wp-content/uploads/2025/06/20250605_03.jpg,/wp-content/uploads/2025/06/20250605_03.jpg,20250605_03,2025-06-11T02:18:23,2025-06-11T02:18:23,/media/2025/06/20250605_03.jpg
media,7158,https://rsg.com.tw/wp-content/uploads/2025/06/20250605_01_0.jpg,/wp-content/uploads/2025/06/20250605_01_0.jpg,20250605_01_0,2025-06-05T06:08:57,2025-06-05T06:08:57,/media/2025/06/20250605_01_0.jpg
media,7157,https://rsg.com.tw/wp-content/uploads/2025/06/20250605_02_0.jpg,/wp-content/uploads/2025/06/20250605_02_0.jpg,20250605_02_0,2025-06-05T06:08:56,2025-06-05T06:08:56,/media/2025/06/20250605_02_0.jpg
media,7104,https://rsg.com.tw/wp-content/uploads/2025/05/114-0529events.csv,/wp-content/uploads/2025/05/114-0529events.csv,114-0529events,2025-05-29T05:49:52,2025-05-29T05:49:52,/media/2025/05/114-0529events.csv
media,7086,https://rsg.com.tw/wp-content/uploads/2025/03/3.jpg,/wp-content/uploads/2025/03/3.jpg,3,2025-03-31T13:32:53,2025-03-31T13:32:53,/media/2025/03/3.jpg
media,7085,https://rsg.com.tw/wp-content/uploads/2025/03/2.jpg,/wp-content/uploads/2025/03/2.jpg,2,2025-03-31T13:32:51,2025-03-31T13:32:51,/media/2025/03/2.jpg
media,7084,https://rsg.com.tw/wp-content/uploads/2025/03/1.jpg,/wp-content/uploads/2025/03/1.jpg,1,2025-03-31T13:32:48,2025-03-31T13:32:48,/media/2025/03/1.jpg
media,7067,https://rsg.com.tw/wp-content/uploads/2025/03/幸福？不幸福？暢聊親密關係-3_0.png,/wp-content/uploads/2025/03/幸福？不幸福？暢聊親密關係-3_0.png,幸福？不幸福？暢聊親密關係 (3)_0,2025-03-14T06:15:32,2025-03-14T06:15:32,/media/2025/03/幸福？不幸福？暢聊親密關係-3_0.png
media,7062,https://rsg.com.tw/wp-content/uploads/2025/03/靜心手作工作坊-主圖0314.png,/wp-content/uploads/2025/03/靜心手作工作坊-主圖0314.png,靜心手作工作坊-主圖0314,2025-03-14T05:48:36,2025-03-14T05:48:36,/media/2025/03/靜心手作工作坊-主圖0314.png
media,7055,https://rsg.com.tw/wp-content/uploads/2025/03/咖啡時光-主圖0314.png,/wp-content/uploads/2025/03/咖啡時光-主圖0314.png,咖啡時光-主圖0314,2025-03-14T05:29:04,2025-03-14T05:29:04,/media/2025/03/咖啡時光-主圖0314.png
media,7051,https://rsg.com.tw/wp-content/uploads/2025/02/20250227-03_0.jpg,/wp-content/uploads/2025/02/20250227-03_0.jpg,20250227-03_0,2025-02-27T07:45:30,2025-02-27T07:45:30,/media/2025/02/20250227-03_0.jpg
media,7049,https://rsg.com.tw/wp-content/uploads/2025/02/20250227-01_0.jpg,/wp-content/uploads/2025/02/20250227-01_0.jpg,20250227-01_0,2025-02-27T07:45:28,2025-02-27T07:45:28,/media/2025/02/20250227-01_0.jpg
media,7042,https://rsg.com.tw/wp-content/uploads/2025/02/20250224_讓情緒說話_01.jpg,/wp-content/uploads/2025/02/20250224_讓情緒說話_01.jpg,20250224_讓情緒說話_01,2025-02-24T09:15:00,2025-02-24T09:15:00,/media/2025/02/20250224_讓情緒說話_01.jpg
media,7033,https://rsg.com.tw/wp-content/uploads/2025/02/身心平衡工作坊-主圖0628.png,/wp-content/uploads/2025/02/身心平衡工作坊-主圖0628.png,身心平衡工作坊-主圖0628,2025-02-17T02:15:49,2025-02-17T02:15:49,/media/2025/02/身心平衡工作坊-主圖0628.png
media,7030,https://rsg.com.tw/wp-content/uploads/2025/02/20250207-01.jpg,/wp-content/uploads/2025/02/20250207-01.jpg,20250207-01,2025-02-07T07:55:25,2025-02-07T07:55:25,/media/2025/02/20250207-01.jpg
media,7020,https://rsg.com.tw/wp-content/uploads/2025/01/20250113_02_0.jpg,/wp-content/uploads/2025/01/20250113_02_0.jpg,20250113_02_0,2025-01-13T04:31:45,2025-01-13T04:31:45,/media/2025/01/20250113_02_0.jpg
media,7011,https://rsg.com.tw/wp-content/uploads/2024/12/20241205_內在小孩_01.jpg,/wp-content/uploads/2024/12/20241205_內在小孩_01.jpg,20241205_內在小孩_01,2024-12-05T08:58:54,2024-12-05T08:58:54,/media/2024/12/20241205_內在小孩_01.jpg
media,6973,https://rsg.com.tw/wp-content/uploads/2024/11/messageImage_1732247569012.jpg,/wp-content/uploads/2024/11/messageImage_1732247569012.jpg,messageImage_1732247569012,2024-11-22T04:54:49,2024-11-22T04:54:49,/media/2024/11/messageImage_1732247569012.jpg
media,6959,https://rsg.com.tw/wp-content/uploads/2024/11/財富印記-運用宇宙法則_天賦，創造財富與幸福-3.png,/wp-content/uploads/2024/11/財富印記-運用宇宙法則_天賦，創造財富與幸福-3.png,[財富印記] 運用宇宙法則_天賦，創造財富與幸福-3,2024-11-22T02:24:04,2024-11-22T02:24:04,/media/2024/11/財富印記-運用宇宙法則_天賦，創造財富與幸福-3.png
media,6958,https://rsg.com.tw/wp-content/uploads/2024/11/財富印記-運用宇宙法則_天賦，創造財富與幸福-2.png,/wp-content/uploads/2024/11/財富印記-運用宇宙法則_天賦，創造財富與幸福-2.png,[財富印記] 運用宇宙法則_天賦，創造財富與幸福-2,2024-11-22T02:24:03,2024-11-22T02:24:03,/media/2024/11/財富印記-運用宇宙法則_天賦，創造財富與幸福-2.png
media,6957,https://rsg.com.tw/wp-content/uploads/2024/11/財富印記-運用宇宙法則_天賦，創造財富與幸福-1.png,/wp-content/uploads/2024/11/財富印記-運用宇宙法則_天賦，創造財富與幸福-1.png,[財富印記] 運用宇宙法則_天賦，創造財富與幸福-1,2024-11-22T02:24:03,2024-11-22T02:24:03,/media/2024/11/財富印記-運用宇宙法則_天賦，創造財富與幸福-1.png
media,6950,https://rsg.com.tw/wp-content/uploads/2024/11/聆聽內心x15_0.png,/wp-content/uploads/2024/11/聆聽內心x15_0.png,聆聽內心x15_0,2024-11-21T10:03:14,2024-11-21T10:03:14,/media/2024/11/聆聽內心x15_0.png
media,6949,https://rsg.com.tw/wp-content/uploads/2024/11/往前一步x15_0.png,/wp-content/uploads/2024/11/往前一步x15_0.png,往前一步x15_0,2024-11-21T10:03:11,2024-11-21T10:03:11,/media/2024/11/往前一步x15_0.png
media,6948,https://rsg.com.tw/wp-content/uploads/2024/11/向內向下x15_0.png,/wp-content/uploads/2024/11/向內向下x15_0.png,向內向下x15_0,2024-11-21T10:03:08,2024-11-21T10:03:08,/media/2024/11/向內向下x15_0.png
media,6947,https://rsg.com.tw/wp-content/uploads/2024/11/十字路口x15_0.png,/wp-content/uploads/2024/11/十字路口x15_0.png,十字路口x15_0,2024-11-21T10:03:05,2024-11-21T10:03:05,/media/2024/11/十字路口x15_0.png
media,6944,https://rsg.com.tw/wp-content/uploads/2024/11/2025主題圖-網站首頁-V2_0.png,/wp-content/uploads/2024/11/2025主題圖-網站首頁-V2_0.png,2025主題圖-網站首頁-V2_0,2024-11-21T08:54:56,2024-11-21T08:54:56,/media/2024/11/2025主題圖-網站首頁-V2_0.png
media,6943,https://rsg.com.tw/wp-content/uploads/2024/11/往前一步-V2_0.png,/wp-content/uploads/2024/11/往前一步-V2_0.png,往前一步-V2_0,2024-11-21T08:54:55,2024-11-21T08:54:55,/media/2024/11/往前一步-V2_0.png
media,6939,https://rsg.com.tw/wp-content/uploads/2024/11/聆聽內心-1.png,/wp-content/uploads/2024/11/聆聽內心-1.png,聆聽內心-1,2024-11-21T07:54:15,2024-11-21T07:54:15,/media/2024/11/聆聽內心-1.png
media,6938,https://rsg.com.tw/wp-content/uploads/2024/11/往前一步-1.png,/wp-content/uploads/2024/11/往前一步-1.png,往前一步-1,2024-11-21T07:54:14,2024-11-21T07:54:14,/media/2024/11/往前一步-1.png
media,6937,https://rsg.com.tw/wp-content/uploads/2024/11/向內向下-1.png,/wp-content/uploads/2024/11/向內向下-1.png,向內向下-1,2024-11-21T07:54:12,2024-11-21T07:54:12,/media/2024/11/向內向下-1.png
media,6936,https://rsg.com.tw/wp-content/uploads/2024/11/十字路口-1.png,/wp-content/uploads/2024/11/十字路口-1.png,十字路口-1,2024-11-21T07:54:10,2024-11-21T07:54:10,/media/2024/11/十字路口-1.png
media,6928,https://rsg.com.tw/wp-content/uploads/2024/11/2025主題圖-網站首頁.png,/wp-content/uploads/2024/11/2025主題圖-網站首頁.png,2025主題圖-網站首頁,2024-11-21T07:35:30,2024-11-21T07:35:30,/media/2024/11/2025主題圖-網站首頁.png
media,6865,https://rsg.com.tw/wp-content/uploads/2020/06/主圖-20241018-2_0.png,/wp-content/uploads/2020/06/主圖-20241018-2_0.png,主圖-20241018-2_0,2024-10-21T07:43:55,2024-10-21T07:43:55,/media/2020/06/主圖-20241018-2_0.png
media,6851,https://rsg.com.tw/wp-content/uploads/2024/08/20240827_01.jpg,/wp-content/uploads/2024/08/20240827_01.jpg,20240827_01,2024-08-27T09:18:13,2024-08-27T09:18:13,/media/2024/08/20240827_01.jpg
media,6848,https://rsg.com.tw/wp-content/uploads/2024/08/20240822_招財開運_01.jpg,/wp-content/uploads/2024/08/20240822_招財開運_01.jpg,20240822_招財開運_01,2024-08-22T05:19:46,2024-08-22T05:19:46,/media/2024/08/20240822_招財開運_01.jpg
media,6839,https://rsg.com.tw/wp-content/uploads/2024/07/20240715_01.jpg,/wp-content/uploads/2024/07/20240715_01.jpg,20240715_01,2024-07-15T02:07:52,2024-07-15T02:07:52,/media/2024/07/20240715_01.jpg
media,6832,https://rsg.com.tw/wp-content/uploads/2023/03/關係花園_banner-慢活營_20240701.png,/wp-content/uploads/2023/03/關係花園_banner-慢活營_20240701.png,關係花園_banner-慢活營_20240701,2024-07-01T05:06:22,2024-07-01T05:06:22,/media/2023/03/關係花園_banner-慢活營_20240701.png
media,6828,https://rsg.com.tw/wp-content/uploads/2024/06/身心平衡一日工作坊-主圖0628-1.png,/wp-content/uploads/2024/06/身心平衡一日工作坊-主圖0628-1.png,身心平衡一日工作坊-主圖0628-1,2024-06-28T03:55:45,2024-06-28T03:55:45,/media/2024/06/身心平衡一日工作坊-主圖0628-1.png
media,6813,https://rsg.com.tw/wp-content/uploads/2024/06/20240628-01.jpg,/wp-content/uploads/2024/06/20240628-01.jpg,20240628-01,2024-06-28T03:06:27,2024-06-28T03:06:27,/media/2024/06/20240628-01.jpg
media,6793,https://rsg.com.tw/wp-content/uploads/2024/06/20240611_深度轉化.jpg,/wp-content/uploads/2024/06/20240611_深度轉化.jpg,20240611_深度轉化,2024-06-11T06:41:36,2024-06-11T06:41:36,/media/2024/06/20240611_深度轉化.jpg
media,6778,https://rsg.com.tw/wp-content/uploads/2020/06/主圖.png,/wp-content/uploads/2020/06/主圖.png,主圖,2024-05-20T08:12:13,2024-05-20T08:12:13,/media/2020/06/主圖.png
media,6777,https://rsg.com.tw/wp-content/uploads/2020/06/Group-1000011389.png,/wp-content/uploads/2020/06/Group-1000011389.png,Group 1000011389,2024-05-20T08:12:12,2024-05-20T08:12:12,/media/2020/06/Group-1000011389.png
media,6776,https://rsg.com.tw/wp-content/uploads/2020/06/Group-1000011388.png,/wp-content/uploads/2020/06/Group-1000011388.png,Group 1000011388,2024-05-20T08:12:11,2024-05-20T08:12:11,/media/2020/06/Group-1000011388.png
media,6775,https://rsg.com.tw/wp-content/uploads/2020/06/Group-1000011387.png,/wp-content/uploads/2020/06/Group-1000011387.png,Group 1000011387,2024-05-20T08:12:10,2024-05-20T08:12:10,/media/2020/06/Group-1000011387.png
media,6774,https://rsg.com.tw/wp-content/uploads/2020/06/Group-1000011386.png,/wp-content/uploads/2020/06/Group-1000011386.png,Group 1000011386,2024-05-20T08:12:09,2024-05-20T08:12:09,/media/2020/06/Group-1000011386.png
media,6612,https://rsg.com.tw/wp-content/uploads/2024/03/招財開運自己來-工作坊-主圖-1.png,/wp-content/uploads/2024/03/招財開運自己來-工作坊-主圖-1.png,招財開運自己來 工作坊-主圖-1,2024-03-21T04:31:53,2024-03-21T04:31:53,/media/2024/03/招財開運自己來-工作坊-主圖-1.png
media,6567,https://rsg.com.tw/wp-content/uploads/2024/02/20230728_01.jpg,/wp-content/uploads/2024/02/20230728_01.jpg,20230728_01,2024-02-19T04:43:23,2024-02-19T04:43:23,/media/2024/02/20230728_01.jpg
media,6556,https://rsg.com.tw/wp-content/uploads/2024/02/調頻與顯化-工作坊主視覺-V2.png,/wp-content/uploads/2024/02/調頻與顯化-工作坊主視覺-V2.png,調頻與顯化 工作坊主視覺-V2,2024-02-18T12:37:42,2024-02-18T12:37:42,/media/2024/02/調頻與顯化-工作坊主視覺-V2.png
media,6451,https://rsg.com.tw/wp-content/uploads/2023/12/2024主題圖-網站首頁.png,/wp-content/uploads/2023/12/2024主題圖-網站首頁.png,2024主題圖-網站首頁,2023-12-05T02:06:24,2023-12-05T02:06:24,/media/2023/12/2024主題圖-網站首頁.png
media,6450,https://rsg.com.tw/wp-content/uploads/2023/12/Spark-Light-up-your-life_Banner6.png,/wp-content/uploads/2023/12/Spark-Light-up-your-life_Banner6.png,Spark Light up your life_Banner6,2023-12-05T02:02:49,2023-12-05T02:02:49,/media/2023/12/Spark-Light-up-your-life_Banner6.png
media,6449,https://rsg.com.tw/wp-content/uploads/2023/12/Spark-Light-up-your-life_Banner5.png,/wp-content/uploads/2023/12/Spark-Light-up-your-life_Banner5.png,Spark Light up your life_Banner5,2023-12-05T02:02:44,2023-12-05T02:02:44,/media/2023/12/Spark-Light-up-your-life_Banner5.png
media,6448,https://rsg.com.tw/wp-content/uploads/2023/12/Spark-Light-up-your-life_Banner4.png,/wp-content/uploads/2023/12/Spark-Light-up-your-life_Banner4.png,Spark Light up your life_Banner4,2023-12-05T02:02:43,2023-12-05T02:02:43,/media/2023/12/Spark-Light-up-your-life_Banner4.png
media,6447,https://rsg.com.tw/wp-content/uploads/2023/12/Spark-Light-up-your-life_Banner3.png,/wp-content/uploads/2023/12/Spark-Light-up-your-life_Banner3.png,Spark Light up your life_Banner3,2023-12-05T02:02:40,2023-12-05T02:02:40,/media/2023/12/Spark-Light-up-your-life_Banner3.png
media,6446,https://rsg.com.tw/wp-content/uploads/2023/12/Spark-Light-up-your-life_Banner2.png,/wp-content/uploads/2023/12/Spark-Light-up-your-life_Banner2.png,Spark Light up your life_Banner2,2023-12-05T02:02:37,2023-12-05T02:02:37,/media/2023/12/Spark-Light-up-your-life_Banner2.png
media,6445,https://rsg.com.tw/wp-content/uploads/2023/12/Spark-Light-up-your-life_Banner1.png,/wp-content/uploads/2023/12/Spark-Light-up-your-life_Banner1.png,Spark Light up your life_Banner1,2023-12-05T02:02:33,2023-12-05T02:02:33,/media/2023/12/Spark-Light-up-your-life_Banner1.png
media,6408,https://rsg.com.tw/wp-content/uploads/2023/10/投影片7.jpg,/wp-content/uploads/2023/10/投影片7.jpg,投影片7,2023-10-15T03:51:05,2023-10-15T03:51:05,/media/2023/10/投影片7.jpg
media,6401,https://rsg.com.tw/wp-content/uploads/2023/10/20231013_02-1-scaled.jpg,/wp-content/uploads/2023/10/20231013_02-1-scaled.jpg,20231013_02-1,2023-10-15T03:37:45,2023-10-15T03:37:45,/media/2023/10/20231013_02-1-scaled.jpg
media,6393,https://rsg.com.tw/wp-content/uploads/2023/10/誰適合這堂課Content1.png,/wp-content/uploads/2023/10/誰適合這堂課Content1.png,誰適合這堂課Content1,2023-10-13T05:06:51,2023-10-13T05:06:51,/media/2023/10/誰適合這堂課Content1.png
media,6392,https://rsg.com.tw/wp-content/uploads/2023/10/20231013_05-scaled.jpg,/wp-content/uploads/2023/10/20231013_05-scaled.jpg,20231013_05,2023-10-13T05:06:49,2023-10-13T05:06:49,/media/2023/10/20231013_05-scaled.jpg
media,6391,https://rsg.com.tw/wp-content/uploads/2023/10/20231013_04-scaled.jpg,/wp-content/uploads/2023/10/20231013_04-scaled.jpg,20231013_04,2023-10-13T05:06:47,2023-10-13T05:06:47,/media/2023/10/20231013_04-scaled.jpg
media,6390,https://rsg.com.tw/wp-content/uploads/2023/10/20231013_03-scaled.jpg,/wp-content/uploads/2023/10/20231013_03-scaled.jpg,20231013_03,2023-10-13T05:06:44,2023-10-13T05:06:44,/media/2023/10/20231013_03-scaled.jpg
media,6389,https://rsg.com.tw/wp-content/uploads/2023/10/20231013_02-scaled.jpg,/wp-content/uploads/2023/10/20231013_02-scaled.jpg,20231013_02,2023-10-13T05:06:42,2023-10-13T05:06:42,/media/2023/10/20231013_02-scaled.jpg
media,6388,https://rsg.com.tw/wp-content/uploads/2023/10/20231013_01-scaled.jpg,/wp-content/uploads/2023/10/20231013_01-scaled.jpg,20231013_01,2023-10-13T05:06:40,2023-10-13T05:06:40,/media/2023/10/20231013_01-scaled.jpg
media,6387,https://rsg.com.tw/wp-content/uploads/2023/10/20231012_01.jpg,/wp-content/uploads/2023/10/20231012_01.jpg,20231012_01,2023-10-13T05:06:38,2023-10-13T05:06:38,/media/2023/10/20231012_01.jpg
media,6385,https://rsg.com.tw/wp-content/uploads/2023/10/20230919_心流線上微課程-複製-2-scaled.jpg,/wp-content/uploads/2023/10/20230919_心流線上微課程-複製-2-scaled.jpg,20230919_心流線上微課程 &#8211; 複製 (2),2023-10-12T08:41:13,2023-10-12T08:41:13,/media/2023/10/20230919_心流線上微課程-複製-2-scaled.jpg
media,6323,https://rsg.com.tw/wp-content/uploads/2023/08/內在小孩課程主圖改比例.png,/wp-content/uploads/2023/08/內在小孩課程主圖改比例.png,內在小孩課程主圖改比例,2023-08-15T04:30:43,2023-08-15T04:30:43,/media/2023/08/內在小孩課程主圖改比例.png
media,6309,https://rsg.com.tw/wp-content/uploads/2023/08/117363371_l接受自己-scaled.jpg,/wp-content/uploads/2023/08/117363371_l接受自己-scaled.jpg,117363371_l接受自己,2023-08-11T02:15:25,2023-08-11T02:15:25,/media/2023/08/117363371_l接受自己-scaled.jpg
media,6297,https://rsg.com.tw/wp-content/uploads/2023/07/20230717-03.jpg,/wp-content/uploads/2023/07/20230717-03.jpg,20230717-03,2023-07-24T02:17:06,2023-07-24T02:17:06,/media/2023/07/20230717-03.jpg
media,6287,https://rsg.com.tw/wp-content/uploads/2021/10/FBIG.png,/wp-content/uploads/2021/10/FBIG.png,FBIG,2023-06-22T10:01:36,2023-06-22T10:01:36,/media/2021/10/FBIG.png
media,6286,https://rsg.com.tw/wp-content/uploads/2021/10/Banner.png,/wp-content/uploads/2021/10/Banner.png,Banner,2023-06-22T10:01:31,2023-06-22T10:01:31,/media/2021/10/Banner.png
media,6257,https://rsg.com.tw/wp-content/uploads/2023/06/20230610企業一對一_01.jpg,/wp-content/uploads/2023/06/20230610企業一對一_01.jpg,20230610企業一對一_01,2023-06-12T06:13:07,2023-06-12T06:13:07,/media/2023/06/20230610企業一對一_01.jpg
media,6249,https://rsg.com.tw/wp-content/uploads/2023/06/企業1-1教練_網頁主圖.png,/wp-content/uploads/2023/06/企業1-1教練_網頁主圖.png,企業1-1教練_網頁主圖,2023-06-12T01:50:31,2023-06-12T01:50:31,/media/2023/06/企業1-1教練_網頁主圖.png
media,6120,https://rsg.com.tw/wp-content/uploads/2023/03/關係花園_banner-二日慢活營_20230324v4.png,/wp-content/uploads/2023/03/關係花園_banner-二日慢活營_20230324v4.png,關係花園_banner-二日慢活營_20230324v4,2023-03-25T05:25:48,2023-03-25T05:25:48,/media/2023/03/關係花園_banner-二日慢活營_20230324v4.png
media,6099,https://rsg.com.tw/wp-content/uploads/2023/03/20220504.jpg,/wp-content/uploads/2023/03/20220504.jpg,20220504,2023-03-06T08:26:28,2023-03-06T08:26:28,/media/2023/03/20220504.jpg
media,6049,https://rsg.com.tw/wp-content/uploads/2023/01/關係花園_banner-認識自己活出美好學習之旅_20230110v2-scaled.jpg,/wp-content/uploads/2023/01/關係花園_banner-認識自己活出美好學習之旅_20230110v2-scaled.jpg,關係花園_banner-認識自己活出美好學習之旅_20230110v2,2023-01-10T09:59:10,2023-01-10T09:59:10,/media/2023/01/關係花園_banner-認識自己活出美好學習之旅_20230110v2-scaled.jpg
media,5999,https://rsg.com.tw/wp-content/uploads/2023/01/13965561_l-1活出自己-1.png,/wp-content/uploads/2023/01/13965561_l-1活出自己-1.png,13965561_l (1)活出自己-1,2023-01-04T09:10:07,2023-01-04T09:10:07,/media/2023/01/13965561_l-1活出自己-1.png
media,5992,https://rsg.com.tw/wp-content/uploads/2023/01/117363371_l接受自己-1.png,/wp-content/uploads/2023/01/117363371_l接受自己-1.png,117363371_l接受自己-1,2023-01-04T08:57:16,2023-01-04T08:57:16,/media/2023/01/117363371_l接受自己-1.png
media,5983,https://rsg.com.tw/wp-content/uploads/2023/01/kevin-young-Z5qD8T3wVvk-unsplash_認識自己-1.png,/wp-content/uploads/2023/01/kevin-young-Z5qD8T3wVvk-unsplash_認識自己-1.png,kevin-young-Z5qD8T3wVvk-unsplash_認識自己-1,2023-01-04T08:42:31,2023-01-04T08:42:31,/media/2023/01/kevin-young-Z5qD8T3wVvk-unsplash_認識自己-1.png
media,5975,https://rsg.com.tw/wp-content/uploads/2023/01/蝴蝶虛線.png,/wp-content/uploads/2023/01/蝴蝶虛線.png,蝴蝶虛線,2023-01-04T08:22:11,2023-01-04T08:22:11,/media/2023/01/蝴蝶虛線.png
media,5933,https://rsg.com.tw/wp-content/uploads/2022/11/podcast_icon.png,/wp-content/uploads/2022/11/podcast_icon.png,podcast_icon,2022-11-25T02:32:48,2022-11-25T02:32:48,/media/2022/11/podcast_icon.png
media,5929,https://rsg.com.tw/wp-content/uploads/2022/11/20221203_木馬程式大馬_01.jpg,/wp-content/uploads/2022/11/20221203_木馬程式大馬_01.jpg,20221203_木馬程式大馬_01,2022-11-21T02:30:32,2022-11-21T02:30:32,/media/2022/11/20221203_木馬程式大馬_01.jpg
media,5928,https://rsg.com.tw/wp-content/uploads/2022/11/036A2862.jpg,/wp-content/uploads/2022/11/036A2862.jpg,036A2862,2022-11-21T02:30:22,2022-11-21T02:30:22,/media/2022/11/036A2862.jpg
media,5893,https://rsg.com.tw/wp-content/uploads/2022/10/banner心靈教練12堂課.jpg,/wp-content/uploads/2022/10/banner心靈教練12堂課.jpg,banner心靈教練12堂課,2022-10-14T04:07:45,2022-10-14T04:07:45,/media/2022/10/banner心靈教練12堂課.jpg
media,5892,https://rsg.com.tw/wp-content/uploads/2022/10/20221012_成為自己的心靈教練.jpg,/wp-content/uploads/2022/10/20221012_成為自己的心靈教練.jpg,20221012_成為自己的心靈教練,2022-10-14T04:07:32,2022-10-14T04:07:32,/media/2022/10/20221012_成為自己的心靈教練.jpg
media,5874,https://rsg.com.tw/wp-content/uploads/2022/09/20220906_木馬程式_02.jpg,/wp-content/uploads/2022/09/20220906_木馬程式_02.jpg,20220906_木馬程式_02,2022-09-28T06:12:07,2022-09-28T06:12:07,/media/2022/09/20220906_木馬程式_02.jpg
media,5848,https://rsg.com.tw/wp-content/uploads/2022/09/20220829_03生命專車24.jpg,/wp-content/uploads/2022/09/20220829_03生命專車24.jpg,20220829_03生命專車24,2022-09-20T06:25:26,2022-09-20T06:25:26,/media/2022/09/20220829_03生命專車24.jpg
media,5832,https://rsg.com.tw/wp-content/uploads/2022/09/關係花園_網站banner-解開生命中的木馬程式.png,/wp-content/uploads/2022/09/關係花園_網站banner-解開生命中的木馬程式.png,關係花園_網站banner-解開生命中的木馬程式,2022-09-07T04:00:53,2022-09-07T04:00:53,/media/2022/09/關係花園_網站banner-解開生命中的木馬程式.png
media,5830,https://rsg.com.tw/wp-content/uploads/2022/09/20220906_木馬程式01.jpg,/wp-content/uploads/2022/09/20220906_木馬程式01.jpg,20220906_木馬程式01,2022-09-06T04:19:36,2022-09-06T04:19:36,/media/2022/09/20220906_木馬程式01.jpg
media,5818,https://rsg.com.tw/wp-content/uploads/2022/08/png_能量療癒-古埃及靈氣main-banner.png,/wp-content/uploads/2022/08/png_能量療癒-古埃及靈氣main-banner.png,png_能量療癒-古埃及靈氣main-banner,2022-08-29T07:18:15,2022-08-29T07:18:15,/media/2022/08/png_能量療癒-古埃及靈氣main-banner.png
media,5788,https://rsg.com.tw/wp-content/uploads/2022/08/png_icon_點我預約.png,/wp-content/uploads/2022/08/png_icon_點我預約.png,png_icon_點我預約,2022-08-23T10:31:55,2022-08-23T10:31:55,/media/2022/08/png_icon_點我預約.png
media,5787,https://rsg.com.tw/wp-content/uploads/2022/08/png_一對一催眠_main-banner.png,/wp-content/uploads/2022/08/png_一對一催眠_main-banner.png,png_一對一催眠_main-banner,2022-08-23T10:31:52,2022-08-23T10:31:52,/media/2022/08/png_一對一催眠_main-banner.png
media,5777,https://rsg.com.tw/wp-content/uploads/2022/08/謝鴻鈞.png,/wp-content/uploads/2022/08/謝鴻鈞.png,謝鴻鈞,2022-08-09T10:19:55,2022-08-09T10:19:55,/media/2022/08/謝鴻鈞.png
media,5776,https://rsg.com.tw/wp-content/uploads/2022/08/謝雅蓉.png,/wp-content/uploads/2022/08/謝雅蓉.png,謝雅蓉,2022-08-09T10:19:49,2022-08-09T10:19:49,/media/2022/08/謝雅蓉.png
media,5775,https://rsg.com.tw/wp-content/uploads/2022/08/賴宏昌.png,/wp-content/uploads/2022/08/賴宏昌.png,賴宏昌,2022-08-09T10:19:44,2022-08-09T10:19:44,/media/2022/08/賴宏昌.png
media,5774,https://rsg.com.tw/wp-content/uploads/2022/08/黃馨儀.png,/wp-content/uploads/2022/08/黃馨儀.png,黃馨儀,2022-08-09T10:19:40,2022-08-09T10:19:40,/media/2022/08/黃馨儀.png
media,5773,https://rsg.com.tw/wp-content/uploads/2022/08/郭安琪.png,/wp-content/uploads/2022/08/郭安琪.png,郭安琪,2022-08-09T10:19:36,2022-08-09T10:19:36,/media/2022/08/郭安琪.png
media,5772,https://rsg.com.tw/wp-content/uploads/2022/08/許桓瑞.png,/wp-content/uploads/2022/08/許桓瑞.png,許桓瑞,2022-08-09T10:19:32,2022-08-09T10:19:32,/media/2022/08/許桓瑞.png
media,5771,https://rsg.com.tw/wp-content/uploads/2022/08/莊宴惠.png,/wp-content/uploads/2022/08/莊宴惠.png,莊宴惠,2022-08-09T10:19:27,2022-08-09T10:19:27,/media/2022/08/莊宴惠.png
media,5770,https://rsg.com.tw/wp-content/uploads/2022/08/高曉瑩.png,/wp-content/uploads/2022/08/高曉瑩.png,高曉瑩,2022-08-09T10:19:21,2022-08-09T10:19:21,/media/2022/08/高曉瑩.png
media,5769,https://rsg.com.tw/wp-content/uploads/2022/08/姜梅英.png,/wp-content/uploads/2022/08/姜梅英.png,姜梅英,2022-08-09T10:19:17,2022-08-09T10:19:17,/media/2022/08/姜梅英.png
media,5768,https://rsg.com.tw/wp-content/uploads/2022/08/凃瑞琪.png,/wp-content/uploads/2022/08/凃瑞琪.png,凃瑞琪,2022-08-09T10:19:13,2022-08-09T10:19:13,/media/2022/08/凃瑞琪.png
media,5767,https://rsg.com.tw/wp-content/uploads/2022/08/林美璉.png,/wp-content/uploads/2022/08/林美璉.png,林美璉,2022-08-09T10:19:08,2022-08-09T10:19:08,/media/2022/08/林美璉.png
media,5766,https://rsg.com.tw/wp-content/uploads/2022/08/林松澔.png,/wp-content/uploads/2022/08/林松澔.png,林松澔,2022-08-09T10:19:04,2022-08-09T10:19:04,/media/2022/08/林松澔.png
media,5765,https://rsg.com.tw/wp-content/uploads/2022/08/林君怡.png,/wp-content/uploads/2022/08/林君怡.png,林君怡,2022-08-09T10:19:01,2022-08-09T10:19:01,/media/2022/08/林君怡.png
media,5764,https://rsg.com.tw/wp-content/uploads/2022/08/杜文瑋.png,/wp-content/uploads/2022/08/杜文瑋.png,杜文瑋,2022-08-09T10:18:56,2022-08-09T10:18:56,/media/2022/08/杜文瑋.png
media,5763,https://rsg.com.tw/wp-content/uploads/2022/08/李品翎.png,/wp-content/uploads/2022/08/李品翎.png,李品翎,2022-08-09T10:18:51,2022-08-09T10:18:51,/media/2022/08/李品翎.png
media,5762,https://rsg.com.tw/wp-content/uploads/2022/08/吳明泉.png,/wp-content/uploads/2022/08/吳明泉.png,吳明泉,2022-08-09T10:18:45,2022-08-09T10:18:45,/media/2022/08/吳明泉.png
media,5761,https://rsg.com.tw/wp-content/uploads/2022/08/吳佩芬.png,/wp-content/uploads/2022/08/吳佩芬.png,吳佩芬,2022-08-09T10:18:38,2022-08-09T10:18:38,/media/2022/08/吳佩芬.png
media,5760,https://rsg.com.tw/wp-content/uploads/2022/08/甘佩芬.png,/wp-content/uploads/2022/08/甘佩芬.png,甘佩芬,2022-08-09T10:18:32,2022-08-09T10:18:32,/media/2022/08/甘佩芬.png
media,5759,https://rsg.com.tw/wp-content/uploads/2022/08/img關於花園banner.png,/wp-content/uploads/2022/08/img關於花園banner.png,img關於花園banner,2022-08-09T10:18:29,2022-08-09T10:18:29,/media/2022/08/img關於花園banner.png
media,5757,https://rsg.com.tw/wp-content/uploads/2022/08/img六大特色06.png,/wp-content/uploads/2022/08/img六大特色06.png,img六大特色06,2022-08-09T10:16:50,2022-08-09T10:16:50,/media/2022/08/img六大特色06.png
media,5756,https://rsg.com.tw/wp-content/uploads/2022/08/img六大特色05.png,/wp-content/uploads/2022/08/img六大特色05.png,img六大特色05,2022-08-09T10:16:47,2022-08-09T10:16:47,/media/2022/08/img六大特色05.png
media,5755,https://rsg.com.tw/wp-content/uploads/2022/08/img六大特色04.png,/wp-content/uploads/2022/08/img六大特色04.png,img六大特色04,2022-08-09T10:16:45,2022-08-09T10:16:45,/media/2022/08/img六大特色04.png
media,5754,https://rsg.com.tw/wp-content/uploads/2022/08/img六大特色03.png,/wp-content/uploads/2022/08/img六大特色03.png,img六大特色03,2022-08-09T10:16:42,2022-08-09T10:16:42,/media/2022/08/img六大特色03.png
media,5753,https://rsg.com.tw/wp-content/uploads/2022/08/img六大特色02.png,/wp-content/uploads/2022/08/img六大特色02.png,img六大特色02,2022-08-09T10:16:41,2022-08-09T10:16:41,/media/2022/08/img六大特色02.png
media,5752,https://rsg.com.tw/wp-content/uploads/2022/08/img六大特色01.png,/wp-content/uploads/2022/08/img六大特色01.png,img六大特色01,2022-08-09T10:16:40,2022-08-09T10:16:40,/media/2022/08/img六大特色01.png
media,5738,https://rsg.com.tw/wp-content/uploads/2022/07/png_關係花園_一對一排列img01.png,/wp-content/uploads/2022/07/png_關係花園_一對一排列img01.png,png_關係花園_一對一排列img01,2022-07-18T02:12:12,2022-07-18T02:12:12,/media/2022/07/png_關係花園_一對一排列img01.png
media,5737,https://rsg.com.tw/wp-content/uploads/2022/07/png_關係花園_一對一排列img02.png,/wp-content/uploads/2022/07/png_關係花園_一對一排列img02.png,png_關係花園_一對一排列img02,2022-07-18T02:12:06,2022-07-18T02:12:06,/media/2022/07/png_關係花園_一對一排列img02.png
media,5723,https://rsg.com.tw/wp-content/uploads/2022/07/png_關係花園_一對一協談img03.png,/wp-content/uploads/2022/07/png_關係花園_一對一協談img03.png,png_關係花園_一對一協談img03,2022-07-01T02:35:40,2022-07-01T02:35:40,/media/2022/07/png_關係花園_一對一協談img03.png
media,5722,https://rsg.com.tw/wp-content/uploads/2022/07/png_關係花園_一對一協談img02.png,/wp-content/uploads/2022/07/png_關係花園_一對一協談img02.png,png_關係花園_一對一協談img02,2022-07-01T02:35:06,2022-07-01T02:35:06,/media/2022/07/png_關係花園_一對一協談img02.png
media,5721,https://rsg.com.tw/wp-content/uploads/2022/07/png_關係花園_一對一協談img01.png,/wp-content/uploads/2022/07/png_關係花園_一對一協談img01.png,png_關係花園_一對一協談img01,2022-07-01T02:34:53,2022-07-01T02:34:53,/media/2022/07/png_關係花園_一對一協談img01.png
media,5717,https://rsg.com.tw/wp-content/uploads/2022/06/20220616_幸運香氣02.jpg,/wp-content/uploads/2022/06/20220616_幸運香氣02.jpg,20220616_幸運香氣02,2022-06-16T08:08:28,2022-06-16T08:08:28,/media/2022/06/20220616_幸運香氣02.jpg
media,5703,https://rsg.com.tw/wp-content/uploads/2022/06/關係花園_課程公告-找尋屬於你的幸運香氣.png,/wp-content/uploads/2022/06/關係花園_課程公告-找尋屬於你的幸運香氣.png,關係花園_課程公告-找尋屬於你的幸運香氣,2022-06-15T07:22:55,2022-06-15T07:22:55,/media/2022/06/關係花園_課程公告-找尋屬於你的幸運香氣.png
media,5702,https://rsg.com.tw/wp-content/uploads/2022/06/關係花園_網站banner-找尋屬於你的幸運香氣A.png,/wp-content/uploads/2022/06/關係花園_網站banner-找尋屬於你的幸運香氣A.png,關係花園_網站banner-找尋屬於你的幸運香氣A,2022-06-15T07:22:49,2022-06-15T07:22:49,/media/2022/06/關係花園_網站banner-找尋屬於你的幸運香氣A.png
media,5694,https://rsg.com.tw/wp-content/uploads/2022/06/20220614_生命專車.jpg,/wp-content/uploads/2022/06/20220614_生命專車.jpg,20220614_生命專車,2022-06-14T07:23:15,2022-06-14T07:23:15,/media/2022/06/20220614_生命專車.jpg
media,5693,https://rsg.com.tw/wp-content/uploads/2022/06/20220614_大地之旅.jpg,/wp-content/uploads/2022/06/20220614_大地之旅.jpg,20220614_大地之旅,2022-06-14T07:22:31,2022-06-14T07:22:31,/media/2022/06/20220614_大地之旅.jpg
media,5691,https://rsg.com.tw/wp-content/uploads/2022/06/20220613_認識自己活出美好工作坊_課程輪播圖.jpg,/wp-content/uploads/2022/06/20220613_認識自己活出美好工作坊_課程輪播圖.jpg,20220613_認識自己活出美好工作坊_課程輪播圖,2022-06-14T03:59:49,2022-06-14T03:59:49,/media/2022/06/20220613_認識自己活出美好工作坊_課程輪播圖.jpg
media,5683,https://rsg.com.tw/wp-content/uploads/2022/06/20220608_01植物療癒.jpg,/wp-content/uploads/2022/06/20220608_01植物療癒.jpg,20220608_01植物療癒,2022-06-08T04:20:01,2022-06-08T04:20:01,/media/2022/06/20220608_01植物療癒.jpg
media,5618,https://rsg.com.tw/wp-content/uploads/2020/06/關係花園_網站banner-認識自己活出美好工作坊C.png,/wp-content/uploads/2020/06/關係花園_網站banner-認識自己活出美好工作坊C.png,關係花園_網站banner-認識自己活出美好工作坊C,2022-05-04T12:47:22,2022-05-04T12:47:22,/media/2020/06/關係花園_網站banner-認識自己活出美好工作坊C.png
media,5614,https://rsg.com.tw/wp-content/uploads/2022/04/20220424_01大地之旅.jpg,/wp-content/uploads/2022/04/20220424_01大地之旅.jpg,20220424_01大地之旅,2022-04-26T07:38:19,2022-04-26T07:38:19,/media/2022/04/20220424_01大地之旅.jpg
media,5598,https://rsg.com.tw/wp-content/uploads/2022/04/關係花園_網站banner-大地之旅.png,/wp-content/uploads/2022/04/關係花園_網站banner-大地之旅.png,關係花園_網站banner-大地之旅,2022-04-23T12:51:48,2022-04-23T12:51:48,/media/2022/04/關係花園_網站banner-大地之旅.png
media,5592,https://rsg.com.tw/wp-content/uploads/2022/04/20220418-02.jpeg,/wp-content/uploads/2022/04/20220418-02.jpeg,20220418-02,2022-04-18T05:13:17,2022-04-18T05:13:17,/media/2022/04/20220418-02.jpeg
media,5591,https://rsg.com.tw/wp-content/uploads/2022/04/20220418-01.jpeg,/wp-content/uploads/2022/04/20220418-01.jpeg,20220418-01,2022-04-18T05:12:45,2022-04-18T05:12:45,/media/2022/04/20220418-01.jpeg
media,5590,https://rsg.com.tw/wp-content/uploads/2022/04/20220418-03.jpeg,/wp-content/uploads/2022/04/20220418-03.jpeg,20220418-03,2022-04-18T05:12:40,2022-04-18T05:12:40,/media/2022/04/20220418-03.jpeg
media,5581,https://rsg.com.tw/wp-content/uploads/2020/06/關係花園_網站banner-生命專車.png,/wp-content/uploads/2020/06/關係花園_網站banner-生命專車.png,關係花園_網站banner-生命專車,2022-04-13T02:50:44,2022-04-13T02:50:44,/media/2020/06/關係花園_網站banner-生命專車.png
media,5567,https://rsg.com.tw/wp-content/uploads/2022/03/關係花園_課程img-關係工作坊.png,/wp-content/uploads/2022/03/關係花園_課程img-關係工作坊.png,關係花園_課程img-關係工作坊,2022-03-30T02:36:09,2022-03-30T02:36:09,/media/2022/03/關係花園_課程img-關係工作坊.png
media,5566,https://rsg.com.tw/wp-content/uploads/2022/03/關係花園_網站banner-關係工作坊.png,/wp-content/uploads/2022/03/關係花園_網站banner-關係工作坊.png,關係花園_網站banner-關係工作坊,2022-03-30T02:36:05,2022-03-30T02:36:05,/media/2022/03/關係花園_網站banner-關係工作坊.png
media,5561,https://rsg.com.tw/wp-content/uploads/2022/03/美好生活系列底圖.png,/wp-content/uploads/2022/03/美好生活系列底圖.png,美好生活系列底圖,2022-03-29T10:46:55,2022-03-29T10:46:55,/media/2022/03/美好生活系列底圖.png
media,5557,https://rsg.com.tw/wp-content/uploads/2020/06/關係花園_網站banner-豐盛致富.png,/wp-content/uploads/2020/06/關係花園_網站banner-豐盛致富.png,關係花園_網站banner-豐盛致富,2022-03-29T02:03:47,2022-03-29T02:03:47,/media/2020/06/關係花園_網站banner-豐盛致富.png
media,5556,https://rsg.com.tw/wp-content/uploads/2020/06/關係花園_課程img-豐盛致富工作坊.png,/wp-content/uploads/2020/06/關係花園_課程img-豐盛致富工作坊.png,關係花園_課程img-豐盛致富工作坊,2022-03-29T02:03:39,2022-03-29T02:03:39,/media/2020/06/關係花園_課程img-豐盛致富工作坊.png
media,5517,https://rsg.com.tw/wp-content/uploads/2022/03/關係花園_課程img-打開財富印記.png,/wp-content/uploads/2022/03/關係花園_課程img-打開財富印記.png,關係花園_課程img-打開財富印記,2022-03-03T01:00:08,2022-03-03T01:00:08,/media/2022/03/關係花園_課程img-打開財富印記.png
media,5516,https://rsg.com.tw/wp-content/uploads/2022/03/關係花園_課程img-分享體驗會.png,/wp-content/uploads/2022/03/關係花園_課程img-分享體驗會.png,關係花園_課程img-分享體驗會,2022-03-03T01:00:06,2022-03-03T01:00:06,/media/2022/03/關係花園_課程img-分享體驗會.png
media,5514,https://rsg.com.tw/wp-content/uploads/2022/03/關係花園_網站banner-分享體驗會.png,/wp-content/uploads/2022/03/關係花園_網站banner-分享體驗會.png,關係花園_網站banner-分享體驗會,2022-03-03T00:58:09,2022-03-03T00:58:09,/media/2022/03/關係花園_網站banner-分享體驗會.png
media,5513,https://rsg.com.tw/wp-content/uploads/2022/03/關係花園_網站banner-打開財富印記.png,/wp-content/uploads/2022/03/關係花園_網站banner-打開財富印記.png,關係花園_網站banner-打開財富印記,2022-03-03T00:58:00,2022-03-03T00:58:00,/media/2022/03/關係花園_網站banner-打開財富印記.png
media,5460,https://rsg.com.tw/wp-content/uploads/2022/02/關係花園_課程圖03暫時配置.png,/wp-content/uploads/2022/02/關係花園_課程圖03暫時配置.png,關係花園_課程圖03(暫時配置),2022-02-23T03:30:51,2022-02-23T03:30:51,/media/2022/02/關係花園_課程圖03暫時配置.png
media,5459,https://rsg.com.tw/wp-content/uploads/2022/02/關係花園_課程圖02暫時配置.png,/wp-content/uploads/2022/02/關係花園_課程圖02暫時配置.png,關係花園_課程圖02(暫時配置),2022-02-23T03:30:49,2022-02-23T03:30:49,/media/2022/02/關係花園_課程圖02暫時配置.png
media,5458,https://rsg.com.tw/wp-content/uploads/2022/02/關係花園_課程圖01暫時配置.png,/wp-content/uploads/2022/02/關係花園_課程圖01暫時配置.png,關係花園_課程圖01(暫時配置),2022-02-23T03:30:47,2022-02-23T03:30:47,/media/2022/02/關係花園_課程圖01暫時配置.png
media,5457,https://rsg.com.tw/wp-content/uploads/2022/02/關係花園_美好生活網站banner06.png,/wp-content/uploads/2022/02/關係花園_美好生活網站banner06.png,關係花園_美好生活網站banner06,2022-02-23T03:30:43,2022-02-23T03:30:43,/media/2022/02/關係花園_美好生活網站banner06.png
media,5456,https://rsg.com.tw/wp-content/uploads/2022/02/關係花園_美好生活網站banner05.png,/wp-content/uploads/2022/02/關係花園_美好生活網站banner05.png,關係花園_美好生活網站banner05,2022-02-23T03:30:38,2022-02-23T03:30:38,/media/2022/02/關係花園_美好生活網站banner05.png
media,5455,https://rsg.com.tw/wp-content/uploads/2022/02/關係花園_美好生活網站banner04.png,/wp-content/uploads/2022/02/關係花園_美好生活網站banner04.png,關係花園_美好生活網站banner04,2022-02-23T03:30:33,2022-02-23T03:30:33,/media/2022/02/關係花園_美好生活網站banner04.png
media,5454,https://rsg.com.tw/wp-content/uploads/2022/02/關係花園_美好生活網站banner03.png,/wp-content/uploads/2022/02/關係花園_美好生活網站banner03.png,關係花園_美好生活網站banner03,2022-02-23T03:30:26,2022-02-23T03:30:26,/media/2022/02/關係花園_美好生活網站banner03.png
media,5453,https://rsg.com.tw/wp-content/uploads/2022/02/關係花園_美好生活網站banner02.png,/wp-content/uploads/2022/02/關係花園_美好生活網站banner02.png,關係花園_美好生活網站banner02,2022-02-23T03:30:20,2022-02-23T03:30:20,/media/2022/02/關係花園_美好生活網站banner02.png
media,5452,https://rsg.com.tw/wp-content/uploads/2022/02/關係花園_美好生活網站banner01.png,/wp-content/uploads/2022/02/關係花園_美好生活網站banner01.png,關係花園_美好生活網站banner01,2022-02-23T03:30:13,2022-02-23T03:30:13,/media/2022/02/關係花園_美好生活網站banner01.png
media,5451,https://rsg.com.tw/wp-content/uploads/2022/02/關係花園_底圖_美好生活系列.png,/wp-content/uploads/2022/02/關係花園_底圖_美好生活系列.png,關係花園_底圖_美好生活系列,2022-02-23T03:29:53,2022-02-23T03:29:53,/media/2022/02/關係花園_底圖_美好生活系列.png
media,5309,https://rsg.com.tw/wp-content/uploads/2022/01/心方向-官網.jpg,/wp-content/uploads/2022/01/心方向-官網.jpg,心方向-官網,2022-01-05T05:54:15,2022-01-05T05:54:15,/media/2022/01/心方向-官網.jpg
media,5308,https://rsg.com.tw/wp-content/uploads/2022/01/心方向-scaled.jpg,/wp-content/uploads/2022/01/心方向-scaled.jpg,心方向,2022-01-05T05:53:17,2022-01-05T05:53:17,/media/2022/01/心方向-scaled.jpg
media,5300,https://rsg.com.tw/wp-content/uploads/2021/10/數字-scaled.jpg,/wp-content/uploads/2021/10/數字-scaled.jpg,數字,2022-01-03T08:51:33,2022-01-03T08:51:33,/media/2021/10/數字-scaled.jpg
media,5299,https://rsg.com.tw/wp-content/uploads/2021/10/數字-官網.jpg,/wp-content/uploads/2021/10/數字-官網.jpg,數字-官網,2022-01-03T08:51:29,2022-01-03T08:51:29,/media/2021/10/數字-官網.jpg
media,5295,https://rsg.com.tw/wp-content/uploads/2021/12/關係-175.png,/wp-content/uploads/2021/12/關係-175.png,關係 175,2021-12-20T07:19:33,2021-12-20T07:19:33,/media/2021/12/關係-175.png
media,5294,https://rsg.com.tw/wp-content/uploads/2021/12/感恩會-官網-1.jpg,/wp-content/uploads/2021/12/感恩會-官網-1.jpg,感恩會-官網 (1),2021-12-20T07:11:26,2021-12-20T07:11:26,/media/2021/12/感恩會-官網-1.jpg
media,5228,https://rsg.com.tw/wp-content/uploads/2021/12/心方向-官網-1.jpg,/wp-content/uploads/2021/12/心方向-官網-1.jpg,心方向-官網 (1),2021-12-03T10:24:46,2021-12-03T10:24:46,/media/2021/12/心方向-官網-1.jpg
media,5227,https://rsg.com.tw/wp-content/uploads/2021/12/心方向-1-scaled.jpg,/wp-content/uploads/2021/12/心方向-1-scaled.jpg,心方向 (1),2021-12-03T10:24:43,2021-12-03T10:24:43,/media/2021/12/心方向-1-scaled.jpg
media,5202,https://rsg.com.tw/wp-content/uploads/2021/11/生命專車17.png,/wp-content/uploads/2021/11/生命專車17.png,生命專車#17,2021-11-22T10:00:02,2021-11-22T10:00:02,/media/2021/11/生命專車17.png
media,5201,https://rsg.com.tw/wp-content/uploads/2021/11/生命專車18.png,/wp-content/uploads/2021/11/生命專車18.png,生命專車#18,2021-11-22T09:59:45,2021-11-22T09:59:45,/media/2021/11/生命專車18.png
media,5196,https://rsg.com.tw/wp-content/uploads/2021/11/心靈-官網1-1.jpg,/wp-content/uploads/2021/11/心靈-官網1-1.jpg,心靈-官網(1) (1),2021-11-18T16:07:44,2021-11-18T16:07:44,/media/2021/11/心靈-官網1-1.jpg
media,5195,https://rsg.com.tw/wp-content/uploads/2021/11/心靈1-1-scaled.jpg,/wp-content/uploads/2021/11/心靈1-1-scaled.jpg,心靈(1) (1),2021-11-18T16:07:40,2021-11-18T16:07:40,/media/2021/11/心靈1-1-scaled.jpg
media,5182,https://rsg.com.tw/wp-content/uploads/2021/11/關係花園-index-banner-意識-靜心觀照工作坊.png,/wp-content/uploads/2021/11/關係花園-index-banner-意識-靜心觀照工作坊.png,關係花園-index-banner-意識-靜心觀照工作坊,2021-11-08T09:39:31,2021-11-08T09:39:31,/media/2021/11/關係花園-index-banner-意識-靜心觀照工作坊.png
media,5166,https://rsg.com.tw/wp-content/uploads/2021/09/S__85590019-1.jpg,/wp-content/uploads/2021/09/S__85590019-1.jpg,S__85590019 (1),2021-11-02T05:47:26,2021-11-02T05:47:26,/media/2021/09/S__85590019-1.jpg
media,5152,https://rsg.com.tw/wp-content/uploads/2021/10/角色-70.png,/wp-content/uploads/2021/10/角色-70.png,角色 70,2021-10-21T09:42:45,2021-10-21T09:42:45,/media/2021/10/角色-70.png
media,5149,https://rsg.com.tw/wp-content/uploads/2021/10/174-scaled.jpg,/wp-content/uploads/2021/10/174-scaled.jpg,174,2021-10-21T08:54:29,2021-10-21T08:54:29,/media/2021/10/174-scaled.jpg
media,5148,https://rsg.com.tw/wp-content/uploads/2021/10/174-1.jpg,/wp-content/uploads/2021/10/174-1.jpg,174-1,2021-10-21T08:54:26,2021-10-21T08:54:26,/media/2021/10/174-1.jpg
media,5147,https://rsg.com.tw/wp-content/uploads/2021/10/174-02.jpg,/wp-content/uploads/2021/10/174-02.jpg,174-02,2021-10-21T08:54:23,2021-10-21T08:54:23,/media/2021/10/174-02.jpg
media,5106,https://rsg.com.tw/wp-content/uploads/2021/10/親密-1-scaled.jpg,/wp-content/uploads/2021/10/親密-1-scaled.jpg,親密 (1),2021-10-21T06:25:12,2021-10-21T06:25:12,/media/2021/10/親密-1-scaled.jpg
media,5105,https://rsg.com.tw/wp-content/uploads/2021/10/親密-官網-1.jpg,/wp-content/uploads/2021/10/親密-官網-1.jpg,親密-官網 (1),2021-10-21T06:25:10,2021-10-21T06:25:10,/media/2021/10/親密-官網-1.jpg
media,5095,https://rsg.com.tw/wp-content/uploads/2021/10/生命專車14.png,/wp-content/uploads/2021/10/生命專車14.png,生命專車#14,2021-10-21T04:37:43,2021-10-21T04:37:43,/media/2021/10/生命專車14.png
media,5079,https://rsg.com.tw/wp-content/uploads/2021/10/關係175-1120.png,/wp-content/uploads/2021/10/關係175-1120.png,關係175 1120,2021-10-15T08:19:14,2021-10-15T08:19:14,/media/2021/10/關係175-1120.png
media,5065,https://rsg.com.tw/wp-content/uploads/2021/10/數字-官網-1.jpg,/wp-content/uploads/2021/10/數字-官網-1.jpg,數字-官網 (1),2021-10-05T16:02:05,2021-10-05T16:02:05,/media/2021/10/數字-官網-1.jpg
media,5064,https://rsg.com.tw/wp-content/uploads/2021/10/數字-1-scaled.jpg,/wp-content/uploads/2021/10/數字-1-scaled.jpg,數字 (1),2021-10-05T16:02:01,2021-10-05T16:02:01,/media/2021/10/數字-1-scaled.jpg
media,5061,https://rsg.com.tw/wp-content/uploads/2021/09/生命專車16-1127-28.png,/wp-content/uploads/2021/09/生命專車16-1127-28.png,生命專車16 1127-28,2021-09-30T05:16:52,2021-09-30T05:16:52,/media/2021/09/生命專車16-1127-28.png
media,5046,https://rsg.com.tw/wp-content/uploads/2021/09/還我本來面目-1-scaled.jpeg,/wp-content/uploads/2021/09/還我本來面目-1-scaled.jpeg,還我本來面目 (1),2021-09-29T07:21:52,2021-09-29T07:21:52,/media/2021/09/還我本來面目-1-scaled.jpeg
media,5044,https://rsg.com.tw/wp-content/uploads/2021/07/說書-1恆-scaled.jpg,/wp-content/uploads/2021/07/說書-1恆-scaled.jpg,說書-1(恆),2021-09-22T09:17:49,2021-09-22T09:17:49,/media/2021/07/說書-1恆-scaled.jpg
media,5041,https://rsg.com.tw/wp-content/uploads/2021/09/說書-2受苦的力量-2-1.jpg,/wp-content/uploads/2021/09/說書-2受苦的力量-2-1.jpg,說書-2受苦的力量 (2) (1),2021-09-22T09:08:33,2021-09-22T09:08:33,/media/2021/09/說書-2受苦的力量-2-1.jpg
media,5039,https://rsg.com.tw/wp-content/uploads/2021/07/說書-2受苦的力量-1-1-scaled.jpg,/wp-content/uploads/2021/07/說書-2受苦的力量-1-1-scaled.jpg,說書-2受苦的力量 (1) (1),2021-09-22T09:06:20,2021-09-22T09:06:20,/media/2021/07/說書-2受苦的力量-1-1-scaled.jpg
media,5023,https://rsg.com.tw/wp-content/uploads/2021/09/深度轉化6-1112.png,/wp-content/uploads/2021/09/深度轉化6-1112.png,深度轉化6 1112,2021-09-09T03:42:11,2021-09-09T03:42:11,/media/2021/09/深度轉化6-1112.png
media,5017,https://rsg.com.tw/wp-content/uploads/2021/09/黃馨儀.jpg,/wp-content/uploads/2021/09/黃馨儀.jpg,黃馨儀,2021-09-06T04:59:27,2021-09-06T04:59:27,/media/2021/09/黃馨儀.jpg
media,5016,https://rsg.com.tw/wp-content/uploads/2021/09/賴宏昌.jpeg,/wp-content/uploads/2021/09/賴宏昌.jpeg,賴宏昌,2021-09-06T04:59:24,2021-09-06T04:59:24,/media/2021/09/賴宏昌.jpeg
media,4985,https://rsg.com.tw/wp-content/uploads/2021/08/-明泉-2-scaled-e1629959075784.jpg,/wp-content/uploads/2021/08/-明泉-2-scaled-e1629959075784.jpg,園丁-明泉 (2),2021-08-26T06:20:44,2021-08-26T06:24:40,/media/2021/08/-明泉-2-scaled-e1629959075784.jpg
media,4976,https://rsg.com.tw/wp-content/uploads/2021/08/還我本來面目-scaled.jpg,/wp-content/uploads/2021/08/還我本來面目-scaled.jpg,還我本來面目,2021-08-26T03:40:44,2021-08-26T03:40:44,/media/2021/08/還我本來面目-scaled.jpg
media,4959,https://rsg.com.tw/wp-content/uploads/2021/08/LINE_Brand_icon.png,/wp-content/uploads/2021/08/LINE_Brand_icon.png,LINE_Brand_icon,2021-08-17T02:00:29,2021-08-17T02:00:29,/media/2021/08/LINE_Brand_icon.png
media,4952,https://rsg.com.tw/wp-content/uploads/2021/08/關係花園-index-banner-意識-活出角色工作坊.png,/wp-content/uploads/2021/08/關係花園-index-banner-意識-活出角色工作坊.png,活出角色工作坊 首頁輪播,2021-08-16T08:53:47,2021-08-16T09:08:08,/media/2021/08/關係花園-index-banner-意識-活出角色工作坊.png
media,4951,https://rsg.com.tw/wp-content/uploads/2021/08/關係花園-index-banner-意識-意識覺醒工作坊.png,/wp-content/uploads/2021/08/關係花園-index-banner-意識-意識覺醒工作坊.png,意識覺醒工作坊 首頁輪播,2021-08-16T08:53:45,2021-08-16T09:08:47,/media/2021/08/關係花園-index-banner-意識-意識覺醒工作坊.png
media,4941,https://rsg.com.tw/wp-content/uploads/2021/08/豐盛致富3-0923-26.png,/wp-content/uploads/2021/08/豐盛致富3-0923-26.png,豐盛致富#3 0923-26,2021-08-16T03:48:23,2021-08-16T03:48:23,/media/2021/08/豐盛致富3-0923-26.png
media,4912,https://rsg.com.tw/wp-content/uploads/2021/07/內在小孩-官網-1-1.jpg,/wp-content/uploads/2021/07/內在小孩-官網-1-1.jpg,內在小孩-官網 (1),2021-07-25T08:01:55,2021-07-25T08:01:55,/media/2021/07/內在小孩-官網-1-1.jpg
media,4815,https://rsg.com.tw/wp-content/uploads/2021/07/聽身體說話-1-scaled.jpg,/wp-content/uploads/2021/07/聽身體說話-1-scaled.jpg,聽身體說話 (1),2021-07-13T04:49:51,2021-07-13T04:49:51,/media/2021/07/聽身體說話-1-scaled.jpg
media,4802,https://rsg.com.tw/wp-content/uploads/2021/07/金錢金錢我愛你-橫-scaled.jpg,/wp-content/uploads/2021/07/金錢金錢我愛你-橫-scaled.jpg,金錢金錢我愛你 橫,2021-07-09T09:14:07,2021-07-09T09:14:07,/media/2021/07/金錢金錢我愛你-橫-scaled.jpg
media,4765,https://rsg.com.tw/wp-content/uploads/2021/06/職場你我他tiny-scaled.jpg,/wp-content/uploads/2021/06/職場你我他tiny-scaled.jpg,職場你我他tiny,2021-06-26T06:23:50,2021-06-26T06:23:50,/media/2021/06/職場你我他tiny-scaled.jpg
media,4748,https://rsg.com.tw/wp-content/uploads/2021/06/伴侶橫幅-scaled.jpg,/wp-content/uploads/2021/06/伴侶橫幅-scaled.jpg,伴侶橫幅,2021-06-15T15:11:09,2021-06-15T15:11:09,/media/2021/06/伴侶橫幅-scaled.jpg
media,4727,https://rsg.com.tw/wp-content/uploads/2021/06/情緒變變變橫-scaled.jpg,/wp-content/uploads/2021/06/情緒變變變橫-scaled.jpg,情緒變變變橫,2021-06-09T02:44:04,2021-06-09T02:44:04,/media/2021/06/情緒變變變橫-scaled.jpg
media,4717,https://rsg.com.tw/wp-content/uploads/2021/06/S__81199111.jpg,/wp-content/uploads/2021/06/S__81199111.jpg,S__81199111,2021-06-08T13:25:55,2021-06-08T13:25:55,/media/2021/06/S__81199111.jpg
media,4574,https://rsg.com.tw/wp-content/uploads/2021/03/大合照.jpg,/wp-content/uploads/2021/03/大合照.jpg,大合照,2021-03-19T09:02:51,2021-03-19T09:02:51,/media/2021/03/大合照.jpg
media,4573,https://rsg.com.tw/wp-content/uploads/2021/03/IMG_0836-scaled.jpg,/wp-content/uploads/2021/03/IMG_0836-scaled.jpg,IMG_0836,2021-03-19T09:02:47,2021-03-19T09:02:47,/media/2021/03/IMG_0836-scaled.jpg
media,4572,https://rsg.com.tw/wp-content/uploads/2021/03/S__74547205.jpg,/wp-content/uploads/2021/03/S__74547205.jpg,S__74547205,2021-03-19T09:02:44,2021-03-19T09:02:44,/media/2021/03/S__74547205.jpg
media,4571,https://rsg.com.tw/wp-content/uploads/2021/03/S__2023441.jpg,/wp-content/uploads/2021/03/S__2023441.jpg,S__2023441,2021-03-19T09:02:40,2021-03-19T09:02:40,/media/2021/03/S__2023441.jpg
media,4570,https://rsg.com.tw/wp-content/uploads/2021/03/IMG_5785.jpg,/wp-content/uploads/2021/03/IMG_5785.jpg,IMG_5785,2021-03-19T09:02:37,2021-03-19T09:02:37,/media/2021/03/IMG_5785.jpg
media,4569,https://rsg.com.tw/wp-content/uploads/2021/03/20210220.jpg,/wp-content/uploads/2021/03/20210220.jpg,20210220,2021-03-19T09:02:33,2021-03-19T09:02:33,/media/2021/03/20210220.jpg
media,4568,https://rsg.com.tw/wp-content/uploads/2021/03/愛與幸福1-3.jpg,/wp-content/uploads/2021/03/愛與幸福1-3.jpg,愛與幸福1-3,2021-03-19T08:36:59,2021-03-19T08:36:59,/media/2021/03/愛與幸福1-3.jpg
media,4567,https://rsg.com.tw/wp-content/uploads/2021/03/生命專車9修修版.jpg,/wp-content/uploads/2021/03/生命專車9修修版.jpg,生命專車9(修修版),2021-03-19T08:29:08,2021-03-19T08:29:08,/media/2021/03/生命專車9修修版.jpg
media,4566,https://rsg.com.tw/wp-content/uploads/2021/03/生命專車8大合照.jpg,/wp-content/uploads/2021/03/生命專車8大合照.jpg,生命專車8大合照,2021-03-19T08:29:06,2021-03-19T08:29:06,/media/2021/03/生命專車8大合照.jpg
media,4565,https://rsg.com.tw/wp-content/uploads/2021/03/生命專車7-J.jpg,/wp-content/uploads/2021/03/生命專車7-J.jpg,生命專車#7-J,2021-03-19T08:29:02,2021-03-19T08:29:02,/media/2021/03/生命專車7-J.jpg
media,4564,https://rsg.com.tw/wp-content/uploads/2021/03/生命專車6.jpg,/wp-content/uploads/2021/03/生命專車6.jpg,生命專車6,2021-03-19T08:28:59,2021-03-19T08:28:59,/media/2021/03/生命專車6.jpg
media,4563,https://rsg.com.tw/wp-content/uploads/2021/03/生命專車5-2.jpg,/wp-content/uploads/2021/03/生命專車5-2.jpg,生命專車5-2,2021-03-19T08:28:57,2021-03-19T08:28:57,/media/2021/03/生命專車5-2.jpg
media,4562,https://rsg.com.tw/wp-content/uploads/2021/03/生命專車5-1.jpg,/wp-content/uploads/2021/03/生命專車5-1.jpg,生命專車5-1,2021-03-19T08:28:54,2021-03-19T08:28:54,/media/2021/03/生命專車5-1.jpg
media,4561,https://rsg.com.tw/wp-content/uploads/2021/03/深度轉化5-2-1.jpg,/wp-content/uploads/2021/03/深度轉化5-2-1.jpg,深度轉化5-2,2021-03-19T08:13:52,2021-03-19T08:13:52,/media/2021/03/深度轉化5-2-1.jpg
media,4560,https://rsg.com.tw/wp-content/uploads/2021/03/深度轉化5-1.jpg,/wp-content/uploads/2021/03/深度轉化5-1.jpg,深度轉化5-1,2021-03-19T08:12:19,2021-03-19T08:12:19,/media/2021/03/深度轉化5-1.jpg
media,4559,https://rsg.com.tw/wp-content/uploads/2021/03/深度轉化5-2.jpg,/wp-content/uploads/2021/03/深度轉化5-2.jpg,深度轉化5-2,2021-03-19T08:11:11,2021-03-19T08:11:11,/media/2021/03/深度轉化5-2.jpg
media,4558,https://rsg.com.tw/wp-content/uploads/2021/03/深度轉化5-3.jpg,/wp-content/uploads/2021/03/深度轉化5-3.jpg,深度轉化5-3,2021-03-19T08:11:07,2021-03-19T08:11:07,/media/2021/03/深度轉化5-3.jpg
media,4557,https://rsg.com.tw/wp-content/uploads/2021/03/內在小孩17-2.jpg,/wp-content/uploads/2021/03/內在小孩17-2.jpg,內在小孩17-2,2021-03-18T14:06:44,2021-03-18T14:06:44,/media/2021/03/內在小孩17-2.jpg
media,4556,https://rsg.com.tw/wp-content/uploads/2021/03/內在小孩17-1.jpg,/wp-content/uploads/2021/03/內在小孩17-1.jpg,內在小孩17-1,2021-03-18T14:06:43,2021-03-18T14:06:43,/media/2021/03/內在小孩17-1.jpg
media,4555,https://rsg.com.tw/wp-content/uploads/2021/03/內在小孩17-3.jpg,/wp-content/uploads/2021/03/內在小孩17-3.jpg,內在小孩17-3,2021-03-18T14:06:40,2021-03-18T14:06:40,/media/2021/03/內在小孩17-3.jpg
media,4554,https://rsg.com.tw/wp-content/uploads/2021/03/173團體照-scaled.jpg,/wp-content/uploads/2021/03/173團體照-scaled.jpg,173團體照,2021-03-18T08:01:47,2021-03-18T08:01:47,/media/2021/03/173團體照-scaled.jpg
media,4553,https://rsg.com.tw/wp-content/uploads/2021/03/172-01.jpg,/wp-content/uploads/2021/03/172-01.jpg,172-01,2021-03-18T08:01:44,2021-03-18T08:01:44,/media/2021/03/172-01.jpg
media,4552,https://rsg.com.tw/wp-content/uploads/2021/03/172-02.jpg,/wp-content/uploads/2021/03/172-02.jpg,172-02,2021-03-18T08:01:42,2021-03-18T08:01:42,/media/2021/03/172-02.jpg
media,4551,https://rsg.com.tw/wp-content/uploads/2021/03/171-02.jpg,/wp-content/uploads/2021/03/171-02.jpg,171-02,2021-03-18T08:01:40,2021-03-18T08:01:40,/media/2021/03/171-02.jpg
media,4550,https://rsg.com.tw/wp-content/uploads/2021/03/170-02.jpg,/wp-content/uploads/2021/03/170-02.jpg,170-02,2021-03-18T08:01:37,2021-03-18T08:01:37,/media/2021/03/170-02.jpg
media,4549,https://rsg.com.tw/wp-content/uploads/2021/03/170-01.jpg,/wp-content/uploads/2021/03/170-01.jpg,170-01,2021-03-18T08:01:34,2021-03-18T08:01:34,/media/2021/03/170-01.jpg
media,4548,https://rsg.com.tw/wp-content/uploads/2021/03/170-03.jpg,/wp-content/uploads/2021/03/170-03.jpg,170-03,2021-03-18T08:01:31,2021-03-18T08:01:31,/media/2021/03/170-03.jpg
media,4453,https://rsg.com.tw/wp-content/uploads/2021/03/20210326-靠近自己，靠近愛-scaled.jpg,/wp-content/uploads/2021/03/20210326-靠近自己，靠近愛-scaled.jpg,20210326-靠近自己，靠近愛,2021-03-04T10:44:42,2021-03-04T10:44:42,/media/2021/03/20210326-靠近自己，靠近愛-scaled.jpg
media,4450,https://rsg.com.tw/wp-content/uploads/2021/03/20210312-生命就是愛、喜悅與感動.jpg,/wp-content/uploads/2021/03/20210312-生命就是愛、喜悅與感動.jpg,20210312-生命就是愛、喜悅與感動,2021-03-04T10:42:07,2021-03-04T10:42:07,/media/2021/03/20210312-生命就是愛、喜悅與感動.jpg
media,4443,https://rsg.com.tw/wp-content/uploads/2021/03/20210212-關172-發現更多屬於自己的真實.jpeg,/wp-content/uploads/2021/03/20210212-關172-發現更多屬於自己的真實.jpeg,20210212-關172-發現更多屬於自己的真實,2021-03-04T09:37:54,2021-03-04T09:37:54,/media/2021/03/20210212-關172-發現更多屬於自己的真實.jpeg
media,4438,https://rsg.com.tw/wp-content/uploads/2021/03/20210129-帶著愛與光生活每一天.jpg,/wp-content/uploads/2021/03/20210129-帶著愛與光生活每一天.jpg,20210129-帶著愛與光生活每一天,2021-03-04T09:34:40,2021-03-04T09:34:40,/media/2021/03/20210129-帶著愛與光生活每一天.jpg
media,4432,https://rsg.com.tw/wp-content/uploads/2021/03/20210101-成為傳遞幸福的人.jpg,/wp-content/uploads/2021/03/20210101-成為傳遞幸福的人.jpg,20210101-成為傳遞幸福的人,2021-03-04T09:29:02,2021-03-04T09:29:02,/media/2021/03/20210101-成為傳遞幸福的人.jpg
media,4426,https://rsg.com.tw/wp-content/uploads/2021/03/2020-1218-勇敢放手，追求幸福.jpg,/wp-content/uploads/2021/03/2020-1218-勇敢放手，追求幸福.jpg,2020-1218-勇敢放手，追求幸福,2021-03-04T09:25:11,2021-03-04T09:25:11,/media/2021/03/2020-1218-勇敢放手，追求幸福.jpg
media,4412,https://rsg.com.tw/wp-content/uploads/2021/03/20201204關_171_回到最初的自己.jpg,/wp-content/uploads/2021/03/20201204關_171_回到最初的自己.jpg,20201204關_171_回到最初的自己,2021-03-04T09:10:43,2021-03-04T09:10:43,/media/2021/03/20201204關_171_回到最初的自己.jpg
media,4409,https://rsg.com.tw/wp-content/uploads/2021/03/2020-09-25五關係_每個人都是勇敢的靈魂171.jpg,/wp-content/uploads/2021/03/2020-09-25五關係_每個人都是勇敢的靈魂171.jpg,2020-09-25(五)關係_每個人都是勇敢的靈魂#171,2021-03-04T09:07:38,2021-03-04T09:07:38,/media/2021/03/2020-09-25五關係_每個人都是勇敢的靈魂171.jpg
media,4382,https://rsg.com.tw/wp-content/uploads/2021/03/2020-10-23五關係_力量由內而外，源源不絕169.jpg,/wp-content/uploads/2021/03/2020-10-23五關係_力量由內而外，源源不絕169.jpg,2020-10-23(五)關係_力量由內而外，源源不絕#169,2021-03-04T08:25:02,2021-03-04T08:25:02,/media/2021/03/2020-10-23五關係_力量由內而外，源源不絕169.jpg
media,4349,https://rsg.com.tw/wp-content/uploads/2021/02/看電影聊人生-封面-13.png,/wp-content/uploads/2021/02/看電影聊人生-封面-13.png,看電影聊人生-封面 (13),2021-02-05T01:58:22,2021-02-05T01:58:22,/media/2021/02/看電影聊人生-封面-13.png
media,4348,https://rsg.com.tw/wp-content/uploads/2021/02/看電影聊人生-封面-12.png,/wp-content/uploads/2021/02/看電影聊人生-封面-12.png,看電影聊人生-封面 (12),2021-02-05T01:58:15,2021-02-05T01:58:15,/media/2021/02/看電影聊人生-封面-12.png
media,4347,https://rsg.com.tw/wp-content/uploads/2021/02/看電影聊人生-封面-10.png,/wp-content/uploads/2021/02/看電影聊人生-封面-10.png,看電影聊人生-封面 (10),2021-02-05T01:58:09,2021-02-05T01:58:09,/media/2021/02/看電影聊人生-封面-10.png
media,4289,https://rsg.com.tw/wp-content/uploads/2020/11/關係花園-index-banner-經典-豐盛致富工作坊.jpg,/wp-content/uploads/2020/11/關係花園-index-banner-經典-豐盛致富工作坊.jpg,關係花園-index-banner-經典-豐盛致富工作坊,2020-11-25T07:44:21,2020-11-25T07:44:21,/media/2020/11/關係花園-index-banner-經典-豐盛致富工作坊.jpg
media,4288,https://rsg.com.tw/wp-content/uploads/2020/11/關係花園-index-banner-經典-愛與幸福工作坊.jpg,/wp-content/uploads/2020/11/關係花園-index-banner-經典-愛與幸福工作坊.jpg,關係花園-index-banner-經典-愛與幸福工作坊,2020-11-25T07:44:17,2020-11-25T07:44:17,/media/2020/11/關係花園-index-banner-經典-愛與幸福工作坊.jpg
media,4287,https://rsg.com.tw/wp-content/uploads/2020/11/關係花園-index-banner-經典-深度轉化進階排列.jpg,/wp-content/uploads/2020/11/關係花園-index-banner-經典-深度轉化進階排列.jpg,關係花園-index-banner-經典-深度轉化進階排列,2020-11-25T07:44:13,2020-11-25T07:45:36,/media/2020/11/關係花園-index-banner-經典-深度轉化進階排列.jpg
media,4286,https://rsg.com.tw/wp-content/uploads/2020/11/關係花園-index-banner-經典-生命專車多層次排列.jpg,/wp-content/uploads/2020/11/關係花園-index-banner-經典-生命專車多層次排列.jpg,關係花園-index-banner-經典-生命專車(多層次排列),2020-11-25T07:43:22,2020-11-25T07:46:28,/media/2020/11/關係花園-index-banner-經典-生命專車多層次排列.jpg
media,4188,https://rsg.com.tw/wp-content/uploads/2020/10/關係花園-index-banner-意識-內在小孩療癒.png,/wp-content/uploads/2020/10/關係花園-index-banner-意識-內在小孩療癒.png,關係花園-index-banner-意識-內在小孩療癒,2020-10-22T10:04:09,2020-10-22T10:04:09,/media/2020/10/關係花園-index-banner-意識-內在小孩療癒.png
media,4184,https://rsg.com.tw/wp-content/uploads/2020/10/關係花園-index-banner-意識-關係工作坊.png,/wp-content/uploads/2020/10/關係花園-index-banner-意識-關係工作坊.png,關係花園-index-banner-意識-關係工作坊,2020-10-12T11:07:29,2020-10-12T11:07:29,/media/2020/10/關係花園-index-banner-意識-關係工作坊.png
media,4159,https://rsg.com.tw/wp-content/uploads/2020/09/意3-03.jpg,/wp-content/uploads/2020/09/意3-03.jpg,意3-03,2020-09-30T07:07:30,2020-09-30T07:07:30,/media/2020/09/意3-03.jpg
media,4158,https://rsg.com.tw/wp-content/uploads/2020/09/意3-02.jpg,/wp-content/uploads/2020/09/意3-02.jpg,意3-02,2020-09-30T07:07:27,2020-09-30T07:07:27,/media/2020/09/意3-02.jpg
media,4157,https://rsg.com.tw/wp-content/uploads/2020/09/意3-01.jpg,/wp-content/uploads/2020/09/意3-01.jpg,意3-01,2020-09-30T07:07:21,2020-09-30T07:07:21,/media/2020/09/意3-01.jpg
media,4156,https://rsg.com.tw/wp-content/uploads/2020/09/意2-03.png,/wp-content/uploads/2020/09/意2-03.png,意2-03,2020-09-30T07:07:17,2020-09-30T07:07:17,/media/2020/09/意2-03.png
media,4155,https://rsg.com.tw/wp-content/uploads/2020/09/意2-02.png,/wp-content/uploads/2020/09/意2-02.png,意2-02,2020-09-30T07:07:11,2020-09-30T07:07:11,/media/2020/09/意2-02.png
media,4154,https://rsg.com.tw/wp-content/uploads/2020/09/意2-01.png,/wp-content/uploads/2020/09/意2-01.png,意2-01,2020-09-30T07:07:06,2020-09-30T07:07:06,/media/2020/09/意2-01.png
media,4153,https://rsg.com.tw/wp-content/uploads/2020/09/深度4-02.jpg,/wp-content/uploads/2020/09/深度4-02.jpg,深度4-02,2020-09-30T07:06:59,2020-09-30T07:06:59,/media/2020/09/深度4-02.jpg
media,4152,https://rsg.com.tw/wp-content/uploads/2020/09/深度4-01.jpg,/wp-content/uploads/2020/09/深度4-01.jpg,深度4-01,2020-09-30T07:06:55,2020-09-30T07:06:55,/media/2020/09/深度4-01.jpg
media,4151,https://rsg.com.tw/wp-content/uploads/2020/09/深度3-02.png,/wp-content/uploads/2020/09/深度3-02.png,深度3-02,2020-09-30T07:06:53,2020-09-30T07:06:53,/media/2020/09/深度3-02.png
media,4150,https://rsg.com.tw/wp-content/uploads/2020/09/深度3-01.png,/wp-content/uploads/2020/09/深度3-01.png,深度3-01,2020-09-30T07:06:46,2020-09-30T07:06:46,/media/2020/09/深度3-01.png
media,4147,https://rsg.com.tw/wp-content/uploads/2020/09/角69-02.jpg,/wp-content/uploads/2020/09/角69-02.jpg,角69-02,2020-09-30T07:06:30,2020-09-30T07:06:30,/media/2020/09/角69-02.jpg
media,4146,https://rsg.com.tw/wp-content/uploads/2020/09/角69-01.jpg,/wp-content/uploads/2020/09/角69-01.jpg,角69-01,2020-09-30T07:06:25,2020-09-30T07:06:25,/media/2020/09/角69-01.jpg
media,4145,https://rsg.com.tw/wp-content/uploads/2020/09/角68-02.png,/wp-content/uploads/2020/09/角68-02.png,角68-02,2020-09-30T07:06:24,2020-09-30T07:06:24,/media/2020/09/角68-02.png
media,4144,https://rsg.com.tw/wp-content/uploads/2020/09/角68-01.png,/wp-content/uploads/2020/09/角68-01.png,角68-01,2020-09-30T07:06:18,2020-09-30T07:06:18,/media/2020/09/角68-01.png
media,4143,https://rsg.com.tw/wp-content/uploads/2020/09/角67.png,/wp-content/uploads/2020/09/角67.png,角67,2020-09-30T07:06:12,2020-09-30T07:06:12,/media/2020/09/角67.png
media,4140,https://rsg.com.tw/wp-content/uploads/2020/09/小16-02.png,/wp-content/uploads/2020/09/小16-02.png,小16-02,2020-09-30T07:05:54,2020-09-30T07:05:54,/media/2020/09/小16-02.png
media,4139,https://rsg.com.tw/wp-content/uploads/2020/09/小16-01.png,/wp-content/uploads/2020/09/小16-01.png,小16-01,2020-09-30T07:05:50,2020-09-30T07:05:50,/media/2020/09/小16-01.png
media,4137,https://rsg.com.tw/wp-content/uploads/2020/09/小15-01.jpg,/wp-content/uploads/2020/09/小15-01.jpg,小15-01,2020-09-30T07:05:45,2020-09-30T07:05:45,/media/2020/09/小15-01.jpg
media,4136,https://rsg.com.tw/wp-content/uploads/2020/09/小14-01.png,/wp-content/uploads/2020/09/小14-01.png,小14-01,2020-09-30T07:05:39,2020-09-30T07:05:39,/media/2020/09/小14-01.png
media,4127,https://rsg.com.tw/wp-content/uploads/2020/09/豐盛2-04.png,/wp-content/uploads/2020/09/豐盛2-04.png,豐盛2-04,2020-09-30T07:05:01,2020-09-30T07:05:01,/media/2020/09/豐盛2-04.png
media,4126,https://rsg.com.tw/wp-content/uploads/2020/09/豐盛2-03.png,/wp-content/uploads/2020/09/豐盛2-03.png,豐盛2-03,2020-09-30T07:04:54,2020-09-30T07:04:54,/media/2020/09/豐盛2-03.png
media,4125,https://rsg.com.tw/wp-content/uploads/2020/09/豐盛2-02.png,/wp-content/uploads/2020/09/豐盛2-02.png,豐盛2-02,2020-09-30T07:04:49,2020-09-30T07:04:49,/media/2020/09/豐盛2-02.png
media,4124,https://rsg.com.tw/wp-content/uploads/2020/09/豐盛2-01.png,/wp-content/uploads/2020/09/豐盛2-01.png,豐盛2-01,2020-09-30T07:04:41,2020-09-30T07:04:41,/media/2020/09/豐盛2-01.png
media,4123,https://rsg.com.tw/wp-content/uploads/2020/09/豐盛1-04.png,/wp-content/uploads/2020/09/豐盛1-04.png,豐盛1-04,2020-09-30T07:04:37,2020-09-30T07:04:37,/media/2020/09/豐盛1-04.png
media,4122,https://rsg.com.tw/wp-content/uploads/2020/09/豐盛1-03.png,/wp-content/uploads/2020/09/豐盛1-03.png,豐盛1-03,2020-09-30T07:04:30,2020-09-30T07:04:30,/media/2020/09/豐盛1-03.png
media,4121,https://rsg.com.tw/wp-content/uploads/2020/09/豐盛1-02.png,/wp-content/uploads/2020/09/豐盛1-02.png,豐盛1-02,2020-09-30T07:04:25,2020-09-30T07:04:25,/media/2020/09/豐盛1-02.png
media,4120,https://rsg.com.tw/wp-content/uploads/2020/09/豐盛1-01.png,/wp-content/uploads/2020/09/豐盛1-01.png,豐盛1-01,2020-09-30T07:04:19,2020-09-30T07:04:19,/media/2020/09/豐盛1-01.png
media,4119,https://rsg.com.tw/wp-content/uploads/2020/09/靜心9-02.jpg,/wp-content/uploads/2020/09/靜心9-02.jpg,靜心9-02,2020-09-30T07:04:12,2020-09-30T07:04:12,/media/2020/09/靜心9-02.jpg
media,4118,https://rsg.com.tw/wp-content/uploads/2020/09/靜心9-01-v2.jpg,/wp-content/uploads/2020/09/靜心9-01-v2.jpg,靜心9-01-v2,2020-09-30T07:04:08,2020-09-30T07:04:08,/media/2020/09/靜心9-01-v2.jpg
media,4117,https://rsg.com.tw/wp-content/uploads/2020/09/靜心8-02.png,/wp-content/uploads/2020/09/靜心8-02.png,靜心8-02,2020-09-30T07:04:04,2020-09-30T07:04:04,/media/2020/09/靜心8-02.png
media,4116,https://rsg.com.tw/wp-content/uploads/2020/09/靜心8-01.png,/wp-content/uploads/2020/09/靜心8-01.png,靜心8-01,2020-09-30T07:03:59,2020-09-30T07:03:59,/media/2020/09/靜心8-01.png
media,4115,https://rsg.com.tw/wp-content/uploads/2020/09/靜心7-02.jpg,/wp-content/uploads/2020/09/靜心7-02.jpg,靜心7-02,2020-09-30T07:03:53,2020-09-30T07:03:53,/media/2020/09/靜心7-02.jpg
media,4114,https://rsg.com.tw/wp-content/uploads/2020/09/靜心7-01.jpg,/wp-content/uploads/2020/09/靜心7-01.jpg,靜心7-01,2020-09-30T07:03:50,2020-09-30T07:03:50,/media/2020/09/靜心7-01.jpg
media,4113,https://rsg.com.tw/wp-content/uploads/2020/09/愛2-03.jpg,/wp-content/uploads/2020/09/愛2-03.jpg,愛2-03,2020-09-30T07:03:47,2020-09-30T07:03:47,/media/2020/09/愛2-03.jpg
media,4112,https://rsg.com.tw/wp-content/uploads/2020/09/愛2-02.jpg,/wp-content/uploads/2020/09/愛2-02.jpg,愛2-02,2020-09-30T07:03:44,2020-09-30T07:03:44,/media/2020/09/愛2-02.jpg
media,4111,https://rsg.com.tw/wp-content/uploads/2020/09/愛2-01.jpg,/wp-content/uploads/2020/09/愛2-01.jpg,愛2-01,2020-09-30T07:03:42,2020-09-30T07:03:42,/media/2020/09/愛2-01.jpg
media,4110,https://rsg.com.tw/wp-content/uploads/2020/09/愛1.png,/wp-content/uploads/2020/09/愛1.png,愛1,2020-09-30T07:03:39,2020-09-30T07:03:39,/media/2020/09/愛1.png
media,4107,https://rsg.com.tw/wp-content/uploads/2020/06/關係花園-多層次-img3-2.png,/wp-content/uploads/2020/06/關係花園-多層次-img3-2.png,關係花園-多層次-img3,2020-09-28T11:28:31,2020-09-28T11:29:06,/media/2020/06/關係花園-多層次-img3-2.png
media,4106,https://rsg.com.tw/wp-content/uploads/2020/06/關係花園-多層次-img1-2.png,/wp-content/uploads/2020/06/關係花園-多層次-img1-2.png,關係花園-多層次-img1,2020-09-28T11:28:29,2020-09-28T11:29:17,/media/2020/06/關係花園-多層次-img1-2.png
media,4105,https://rsg.com.tw/wp-content/uploads/2020/06/關係花園-一對一協談-img03.png,/wp-content/uploads/2020/06/關係花園-一對一協談-img03.png,關係花園-一對一協談-img03,2020-09-28T11:28:06,2020-09-28T11:29:45,/media/2020/06/關係花園-一對一協談-img03.png
media,4102,https://rsg.com.tw/wp-content/uploads/2020/06/關係花園-豐盛致富工作坊-img01-1.png,/wp-content/uploads/2020/06/關係花園-豐盛致富工作坊-img01-1.png,關係花園-豐盛致富工作坊-img01,2020-09-28T11:19:11,2020-09-30T07:57:42,/media/2020/06/關係花園-豐盛致富工作坊-img01-1.png
media,4101,https://rsg.com.tw/wp-content/uploads/2020/06/關係花園-豐盛致富工作坊-banner.jpg,/wp-content/uploads/2020/06/關係花園-豐盛致富工作坊-banner.jpg,關係花園-豐盛致富工作坊-banner,2020-09-28T11:19:06,2020-09-28T11:20:02,/media/2020/06/關係花園-豐盛致富工作坊-banner.jpg
media,4085,https://rsg.com.tw/wp-content/uploads/2020/06/關係花園-多層次-img4-1.png,/wp-content/uploads/2020/06/關係花園-多層次-img4-1.png,關係花園-多層次-img4,2020-09-26T04:02:00,2020-09-26T04:05:13,/media/2020/06/關係花園-多層次-img4-1.png
media,4069,https://rsg.com.tw/wp-content/uploads/2020/06/關係花園-靜心觀照工作坊-img03.png,/wp-content/uploads/2020/06/關係花園-靜心觀照工作坊-img03.png,關係花園-靜心觀照工作坊-img03,2020-09-26T01:54:08,2020-09-26T02:52:44,/media/2020/06/關係花園-靜心觀照工作坊-img03.png
media,4068,https://rsg.com.tw/wp-content/uploads/2020/06/關係花園-靜心觀照工作坊-img02.png,/wp-content/uploads/2020/06/關係花園-靜心觀照工作坊-img02.png,關係花園-靜心觀照工作坊-img02,2020-09-26T01:54:05,2020-09-26T02:52:35,/media/2020/06/關係花園-靜心觀照工作坊-img02.png
media,4067,https://rsg.com.tw/wp-content/uploads/2020/06/關係花園-靜心觀照工作坊-img01.png,/wp-content/uploads/2020/06/關係花園-靜心觀照工作坊-img01.png,關係花園-靜心觀照工作坊-img01,2020-09-26T01:54:02,2020-09-26T02:16:12,/media/2020/06/關係花園-靜心觀照工作坊-img01.png
media,4066,https://rsg.com.tw/wp-content/uploads/2020/06/關係花園-靜心觀照工作坊-banner.jpg,/wp-content/uploads/2020/06/關係花園-靜心觀照工作坊-banner.jpg,關係花園-靜心觀照工作坊-banner,2020-09-26T01:54:00,2020-09-26T02:06:47,/media/2020/06/關係花園-靜心觀照工作坊-banner.jpg
media,4064,https://rsg.com.tw/wp-content/uploads/2020/06/關係花園-內在小孩排列-img13-1.png,/wp-content/uploads/2020/06/關係花園-內在小孩排列-img13-1.png,關係花園-內在小孩排列-img13 (1),2020-09-26T01:44:36,2020-09-26T01:44:48,/media/2020/06/關係花園-內在小孩排列-img13-1.png
media,4051,https://rsg.com.tw/wp-content/uploads/2020/06/關係花園-意識覺醒工作坊-img04.png,/wp-content/uploads/2020/06/關係花園-意識覺醒工作坊-img04.png,關係花園-意識覺醒工作坊-img04,2020-09-25T12:21:31,2020-09-25T13:25:37,/media/2020/06/關係花園-意識覺醒工作坊-img04.png
media,4050,https://rsg.com.tw/wp-content/uploads/2020/06/關係花園-意識覺醒工作坊-img03.png,/wp-content/uploads/2020/06/關係花園-意識覺醒工作坊-img03.png,關係花園-意識覺醒工作坊-img03,2020-09-25T12:21:29,2020-09-25T13:25:28,/media/2020/06/關係花園-意識覺醒工作坊-img03.png
media,4049,https://rsg.com.tw/wp-content/uploads/2020/06/關係花園-意識覺醒工作坊-img02.png,/wp-content/uploads/2020/06/關係花園-意識覺醒工作坊-img02.png,關係花園-意識覺醒工作坊-img02,2020-09-25T12:21:27,2020-09-25T13:25:16,/media/2020/06/關係花園-意識覺醒工作坊-img02.png
media,4048,https://rsg.com.tw/wp-content/uploads/2020/06/關係花園-意識覺醒工作坊-img01.png,/wp-content/uploads/2020/06/關係花園-意識覺醒工作坊-img01.png,關係花園-意識覺醒工作坊-img01,2020-09-25T12:21:22,2020-09-25T12:42:59,/media/2020/06/關係花園-意識覺醒工作坊-img01.png
media,4046,https://rsg.com.tw/wp-content/uploads/2020/06/關係花園-意識覺醒工作坊-banner.jpg,/wp-content/uploads/2020/06/關係花園-意識覺醒工作坊-banner.jpg,關係花園-意識覺醒工作坊-banner,2020-09-25T12:21:19,2020-09-25T12:29:59,/media/2020/06/關係花園-意識覺醒工作坊-banner.jpg
media,4043,https://rsg.com.tw/wp-content/uploads/2020/06/關係花園-角色工作坊-img05-1.png,/wp-content/uploads/2020/06/關係花園-角色工作坊-img05-1.png,關係花園-角色工作坊-img05,2020-09-25T10:14:13,2020-09-25T10:14:13,/media/2020/06/關係花園-角色工作坊-img05-1.png
media,4042,https://rsg.com.tw/wp-content/uploads/2020/06/關係花園-角色工作坊-img04-1.png,/wp-content/uploads/2020/06/關係花園-角色工作坊-img04-1.png,關係花園-角色工作坊-img04,2020-09-25T10:14:10,2020-09-25T10:14:10,/media/2020/06/關係花園-角色工作坊-img04-1.png
media,4041,https://rsg.com.tw/wp-content/uploads/2020/06/關係花園-角色工作坊-img03-1.png,/wp-content/uploads/2020/06/關係花園-角色工作坊-img03-1.png,關係花園-角色工作坊-img03,2020-09-25T10:14:08,2020-09-25T10:14:08,/media/2020/06/關係花園-角色工作坊-img03-1.png
media,4040,https://rsg.com.tw/wp-content/uploads/2020/06/關係花園-角色工作坊-img02-1.png,/wp-content/uploads/2020/06/關係花園-角色工作坊-img02-1.png,關係花園-角色工作坊-img02,2020-09-25T10:14:06,2020-09-25T10:14:06,/media/2020/06/關係花園-角色工作坊-img02-1.png
media,4039,https://rsg.com.tw/wp-content/uploads/2020/06/關係花園-工作區域-85-1.png,/wp-content/uploads/2020/06/關係花園-工作區域-85-1.png,關係花園-工作區域 85,2020-09-25T10:14:02,2020-09-25T10:18:01,/media/2020/06/關係花園-工作區域-85-1.png
media,4036,https://rsg.com.tw/wp-content/uploads/2020/06/關係花園-內在小孩排列-img12.png,/wp-content/uploads/2020/06/關係花園-內在小孩排列-img12.png,關係花園-內在小孩排列-img12,2020-09-25T08:55:18,2020-09-26T01:43:36,/media/2020/06/關係花園-內在小孩排列-img12.png
media,4035,https://rsg.com.tw/wp-content/uploads/2020/06/關係花園-內在小孩排列-img11.png,/wp-content/uploads/2020/06/關係花園-內在小孩排列-img11.png,關係花園-內在小孩排列-img11,2020-09-25T08:55:16,2020-09-26T01:43:25,/media/2020/06/關係花園-內在小孩排列-img11.png
media,4034,https://rsg.com.tw/wp-content/uploads/2020/06/關係花園-內在小孩排列-img10.png,/wp-content/uploads/2020/06/關係花園-內在小孩排列-img10.png,關係花園-內在小孩排列-img10,2020-09-25T08:55:15,2020-09-26T01:43:07,/media/2020/06/關係花園-內在小孩排列-img10.png
media,4033,https://rsg.com.tw/wp-content/uploads/2020/06/關係花園-內在小孩排列-img09.png,/wp-content/uploads/2020/06/關係花園-內在小孩排列-img09.png,關係花園-內在小孩排列-img09,2020-09-25T08:55:14,2020-09-26T01:42:50,/media/2020/06/關係花園-內在小孩排列-img09.png
media,4032,https://rsg.com.tw/wp-content/uploads/2020/06/關係花園-內在小孩排列-img04.png,/wp-content/uploads/2020/06/關係花園-內在小孩排列-img04.png,關係花園-內在小孩排列-img04,2020-09-25T08:55:13,2020-09-25T08:56:17,/media/2020/06/關係花園-內在小孩排列-img04.png
media,4031,https://rsg.com.tw/wp-content/uploads/2020/06/關係花園-內在小孩排列-img03.png,/wp-content/uploads/2020/06/關係花園-內在小孩排列-img03.png,關係花園-內在小孩排列-img03,2020-09-25T08:55:11,2020-09-25T08:56:01,/media/2020/06/關係花園-內在小孩排列-img03.png
media,4030,https://rsg.com.tw/wp-content/uploads/2020/06/關係花園-內在小孩排列-img02.png,/wp-content/uploads/2020/06/關係花園-內在小孩排列-img02.png,關係花園-內在小孩排列-img02,2020-09-25T08:55:10,2020-09-25T08:56:05,/media/2020/06/關係花園-內在小孩排列-img02.png
media,4029,https://rsg.com.tw/wp-content/uploads/2020/06/關係花園-內在小孩排列-img01.png,/wp-content/uploads/2020/06/關係花園-內在小孩排列-img01.png,關係花園-內在小孩排列-img01,2020-09-25T08:55:09,2020-09-25T08:55:39,/media/2020/06/關係花園-內在小孩排列-img01.png
media,4021,https://rsg.com.tw/wp-content/uploads/2020/09/關係花園-一對一協談-img03.png,/wp-content/uploads/2020/09/關係花園-一對一協談-img03.png,關係花園-一對一協談-img03,2020-09-25T08:04:56,2020-09-25T08:04:56,/media/2020/09/關係花園-一對一協談-img03.png
media,4020,https://rsg.com.tw/wp-content/uploads/2020/09/關係花園-一對一協談-img02.png,/wp-content/uploads/2020/09/關係花園-一對一協談-img02.png,關係花園-一對一協談-img02,2020-09-25T08:04:52,2020-09-25T08:07:02,/media/2020/09/關係花園-一對一協談-img02.png
media,4019,https://rsg.com.tw/wp-content/uploads/2020/09/關係花園-一對一協談-img01.png,/wp-content/uploads/2020/09/關係花園-一對一協談-img01.png,關係花園-一對一協談-img01,2020-09-25T08:04:48,2020-09-25T08:05:41,/media/2020/09/關係花園-一對一協談-img01.png
media,3968,https://rsg.com.tw/wp-content/uploads/2020/06/關係花園_內在小孩排列-img13.png,/wp-content/uploads/2020/06/關係花園_內在小孩排列-img13.png,關係花園_內在小孩排列-img13,2020-09-08T01:51:19,2020-09-08T04:01:39,/media/2020/06/關係花園_內在小孩排列-img13.png
media,3967,https://rsg.com.tw/wp-content/uploads/2020/06/關係花園_內在小孩排列-img12.png,/wp-content/uploads/2020/06/關係花園_內在小孩排列-img12.png,關係花園_內在小孩排列-img12,2020-09-08T01:51:15,2020-09-08T04:01:27,/media/2020/06/關係花園_內在小孩排列-img12.png
media,3966,https://rsg.com.tw/wp-content/uploads/2020/06/關係花園_內在小孩排列-img11.png,/wp-content/uploads/2020/06/關係花園_內在小孩排列-img11.png,關係花園_內在小孩排列-img11,2020-09-08T01:51:11,2020-09-08T04:01:14,/media/2020/06/關係花園_內在小孩排列-img11.png
media,3965,https://rsg.com.tw/wp-content/uploads/2020/06/關係花園_內在小孩排列-img10.png,/wp-content/uploads/2020/06/關係花園_內在小孩排列-img10.png,關係花園_內在小孩排列-img10,2020-09-08T01:51:07,2020-09-08T04:01:04,/media/2020/06/關係花園_內在小孩排列-img10.png
media,3964,https://rsg.com.tw/wp-content/uploads/2020/06/關係花園_內在小孩排列-img09.png,/wp-content/uploads/2020/06/關係花園_內在小孩排列-img09.png,關係花園_內在小孩排列-img09,2020-09-08T01:51:01,2020-09-08T04:00:52,/media/2020/06/關係花園_內在小孩排列-img09.png
media,3963,https://rsg.com.tw/wp-content/uploads/2020/06/關係花園_內在小孩排列-img08.png,/wp-content/uploads/2020/06/關係花園_內在小孩排列-img08.png,關係花園_內在小孩排列-img08,2020-09-08T01:50:56,2020-09-08T02:19:35,/media/2020/06/關係花園_內在小孩排列-img08.png
media,3962,https://rsg.com.tw/wp-content/uploads/2020/06/關係花園_內在小孩排列-img07.png,/wp-content/uploads/2020/06/關係花園_內在小孩排列-img07.png,關係花園_內在小孩排列-img07,2020-09-08T01:50:53,2020-09-08T02:19:25,/media/2020/06/關係花園_內在小孩排列-img07.png
media,3961,https://rsg.com.tw/wp-content/uploads/2020/06/關係花園_內在小孩排列-img06.png,/wp-content/uploads/2020/06/關係花園_內在小孩排列-img06.png,關係花園_內在小孩排列-img06,2020-09-08T01:50:49,2020-09-08T02:19:16,/media/2020/06/關係花園_內在小孩排列-img06.png
media,3960,https://rsg.com.tw/wp-content/uploads/2020/06/關係花園_內在小孩排列-img05.png,/wp-content/uploads/2020/06/關係花園_內在小孩排列-img05.png,關係花園_內在小孩排列-img05,2020-09-08T01:50:44,2020-09-08T02:19:04,/media/2020/06/關係花園_內在小孩排列-img05.png
media,3959,https://rsg.com.tw/wp-content/uploads/2020/06/關係花園_內在小孩排列-img04.png,/wp-content/uploads/2020/06/關係花園_內在小孩排列-img04.png,關係花園_內在小孩排列-img04,2020-09-08T01:50:40,2020-09-08T01:59:30,/media/2020/06/關係花園_內在小孩排列-img04.png
media,3958,https://rsg.com.tw/wp-content/uploads/2020/06/關係花園_內在小孩排列-img03.png,/wp-content/uploads/2020/06/關係花園_內在小孩排列-img03.png,關係花園_內在小孩排列-img03,2020-09-08T01:50:37,2020-09-08T01:59:16,/media/2020/06/關係花園_內在小孩排列-img03.png
media,3957,https://rsg.com.tw/wp-content/uploads/2020/06/關係花園_內在小孩排列-img02.png,/wp-content/uploads/2020/06/關係花園_內在小孩排列-img02.png,關係花園_內在小孩排列-img02,2020-09-08T01:50:33,2020-09-08T01:59:06,/media/2020/06/關係花園_內在小孩排列-img02.png
media,3956,https://rsg.com.tw/wp-content/uploads/2020/06/關係花園_內在小孩排列-img01.png,/wp-content/uploads/2020/06/關係花園_內在小孩排列-img01.png,關係花園_內在小孩排列-img01,2020-09-08T01:50:29,2020-09-08T01:58:55,/media/2020/06/關係花園_內在小孩排列-img01.png
media,3955,https://rsg.com.tw/wp-content/uploads/2020/06/關係花園_-.jpg,/wp-content/uploads/2020/06/關係花園_-.jpg,關係花園_內在小孩排列,2020-09-08T01:50:24,2020-09-08T01:52:28,/media/2020/06/關係花園_-.jpg
media,3933,https://rsg.com.tw/wp-content/uploads/2020/06/關係花園-角色工作坊-img05.png,/wp-content/uploads/2020/06/關係花園-角色工作坊-img05.png,關係花園-角色工作坊-img05,2020-09-02T06:23:11,2020-09-02T08:38:05,/media/2020/06/關係花園-角色工作坊-img05.png
media,3932,https://rsg.com.tw/wp-content/uploads/2020/06/-角色工作坊-img04-e1634808092420.png,/wp-content/uploads/2020/06/-角色工作坊-img04-e1634808092420.png,關係花園-角色工作坊-img04,2020-09-02T06:23:10,2021-10-21T09:21:35,/media/2020/06/-角色工作坊-img04-e1634808092420.png
media,3931,https://rsg.com.tw/wp-content/uploads/2020/06/-角色工作坊-img03-e1634808119262.png,/wp-content/uploads/2020/06/-角色工作坊-img03-e1634808119262.png,關係花園-角色工作坊-img03,2020-09-02T06:23:09,2021-10-21T09:22:02,/media/2020/06/-角色工作坊-img03-e1634808119262.png
media,3930,https://rsg.com.tw/wp-content/uploads/2020/06/-角色工作坊-img02-e1634808055494.png,/wp-content/uploads/2020/06/-角色工作坊-img02-e1634808055494.png,關係花園-角色工作坊-img02,2020-09-02T06:23:08,2021-10-21T09:20:58,/media/2020/06/-角色工作坊-img02-e1634808055494.png
media,3929,https://rsg.com.tw/wp-content/uploads/2020/06/關係花園-角色工作坊-banner.png,/wp-content/uploads/2020/06/關係花園-角色工作坊-banner.png,關係花園-角色工作坊-banner,2020-09-02T06:23:03,2020-09-02T06:24:17,/media/2020/06/關係花園-角色工作坊-banner.png
media,3928,https://rsg.com.tw/wp-content/uploads/2020/06/關係花園-工作區域-85.png,/wp-content/uploads/2020/06/關係花園-工作區域-85.png,關係花園-工作區域 85,2020-09-02T06:22:58,2020-09-02T06:30:11,/media/2020/06/關係花園-工作區域-85.png
media,3896,https://rsg.com.tw/wp-content/uploads/2020/06/關係花園-豐盛致富工作坊-img01.png,/wp-content/uploads/2020/06/關係花園-豐盛致富工作坊-img01.png,關係花園-豐盛致富工作坊-img01,2020-09-01T09:07:54,2020-09-01T09:07:54,/media/2020/06/關係花園-豐盛致富工作坊-img01.png
media,3895,https://rsg.com.tw/wp-content/uploads/2020/06/關係花園-豐盛致富工作坊-banner.png,/wp-content/uploads/2020/06/關係花園-豐盛致富工作坊-banner.png,關係花園-豐盛致富工作坊-banner,2020-09-01T09:07:45,2020-09-01T09:07:45,/media/2020/06/關係花園-豐盛致富工作坊-banner.png
media,3886,https://rsg.com.tw/wp-content/uploads/2020/06/關係花園-愛與幸福工作坊-img3.png,/wp-content/uploads/2020/06/關係花園-愛與幸福工作坊-img3.png,關係花園-愛與幸福工作坊-img3,2020-09-01T05:48:05,2020-09-01T06:12:40,/media/2020/06/關係花園-愛與幸福工作坊-img3.png
media,3885,https://rsg.com.tw/wp-content/uploads/2020/06/關係花園-愛與幸福工作坊-img2.png,/wp-content/uploads/2020/06/關係花園-愛與幸福工作坊-img2.png,關係花園-愛與幸福工作坊-img2,2020-09-01T05:48:04,2020-09-01T06:12:28,/media/2020/06/關係花園-愛與幸福工作坊-img2.png
media,3884,https://rsg.com.tw/wp-content/uploads/2020/06/關係花園-愛與幸福工作坊-img1.png,/wp-content/uploads/2020/06/關係花園-愛與幸福工作坊-img1.png,關係花園-愛與幸福工作坊-img1,2020-09-01T05:48:03,2020-09-01T06:12:18,/media/2020/06/關係花園-愛與幸福工作坊-img1.png
media,3883,https://rsg.com.tw/wp-content/uploads/2020/06/關係花園-愛與幸福工作坊-banner.png,/wp-content/uploads/2020/06/關係花園-愛與幸福工作坊-banner.png,關係花園-愛與幸福工作坊-banner,2020-09-01T05:47:59,2020-09-01T05:47:59,/media/2020/06/關係花園-愛與幸福工作坊-banner.png
media,3877,https://rsg.com.tw/wp-content/uploads/2020/06/關係花園-多層次排列工作坊-banner.png,/wp-content/uploads/2020/06/關係花園-多層次排列工作坊-banner.png,關係花園-多層次排列工作坊-banner,2020-09-01T01:56:49,2020-09-01T01:56:49,/media/2020/06/關係花園-多層次排列工作坊-banner.png
media,3876,https://rsg.com.tw/wp-content/uploads/2020/06/關係花園-多層次-img8.png,/wp-content/uploads/2020/06/關係花園-多層次-img8.png,關係花園-多層次-img8,2020-09-01T01:56:48,2020-09-01T03:01:51,/media/2020/06/關係花園-多層次-img8.png
media,3875,https://rsg.com.tw/wp-content/uploads/2020/06/關係花園-多層次-img7.png,/wp-content/uploads/2020/06/關係花園-多層次-img7.png,關係花園-多層次-img7,2020-09-01T01:56:46,2020-09-01T03:01:36,/media/2020/06/關係花園-多層次-img7.png
media,3874,https://rsg.com.tw/wp-content/uploads/2020/06/關係花園-多層次-img6.png,/wp-content/uploads/2020/06/關係花園-多層次-img6.png,關係花園-多層次-img6,2020-09-01T01:56:45,2020-09-01T03:01:30,/media/2020/06/關係花園-多層次-img6.png
media,3873,https://rsg.com.tw/wp-content/uploads/2020/06/關係花園-多層次-img5.png,/wp-content/uploads/2020/06/關係花園-多層次-img5.png,關係花園-多層次-img5,2020-09-01T01:56:44,2020-09-01T03:01:16,/media/2020/06/關係花園-多層次-img5.png
media,3872,https://rsg.com.tw/wp-content/uploads/2020/06/關係花園-多層次-img4.png,/wp-content/uploads/2020/06/關係花園-多層次-img4.png,關係花園-多層次-img4,2020-09-01T01:56:41,2020-09-01T02:50:17,/media/2020/06/關係花園-多層次-img4.png
media,3871,https://rsg.com.tw/wp-content/uploads/2020/06/關係花園-多層次-img3.png,/wp-content/uploads/2020/06/關係花園-多層次-img3.png,關係花園-多層次-img3,2020-09-01T01:56:39,2020-09-01T02:50:03,/media/2020/06/關係花園-多層次-img3.png
media,3870,https://rsg.com.tw/wp-content/uploads/2020/06/關係花園-多層次-img2.png,/wp-content/uploads/2020/06/關係花園-多層次-img2.png,關係花園-多層次-img2,2020-09-01T01:56:32,2020-09-01T02:49:50,/media/2020/06/關係花園-多層次-img2.png
media,3869,https://rsg.com.tw/wp-content/uploads/2020/06/關係花園-多層次-img1.png,/wp-content/uploads/2020/06/關係花園-多層次-img1.png,關係花園-多層次-img1,2020-09-01T01:56:29,2020-09-01T02:49:36,/media/2020/06/關係花園-多層次-img1.png
media,3850,https://rsg.com.tw/wp-content/uploads/2020/06/關係花園-深度轉化進階排列-img4.png,/wp-content/uploads/2020/06/關係花園-深度轉化進階排列-img4.png,關係花園-深度轉化進階排列-img4,2020-08-31T08:55:27,2020-08-31T08:56:23,/media/2020/06/關係花園-深度轉化進階排列-img4.png
media,3849,https://rsg.com.tw/wp-content/uploads/2020/06/關係花園-深度轉化進階排列-img3.png,/wp-content/uploads/2020/06/關係花園-深度轉化進階排列-img3.png,關係花園-深度轉化進階排列-img3,2020-08-31T08:55:24,2020-08-31T08:56:11,/media/2020/06/關係花園-深度轉化進階排列-img3.png
media,3848,https://rsg.com.tw/wp-content/uploads/2020/06/關係花園-深度轉化進階排列-img2.png,/wp-content/uploads/2020/06/關係花園-深度轉化進階排列-img2.png,關係花園-深度轉化進階排列-img2,2020-08-31T08:55:20,2020-08-31T08:56:00,/media/2020/06/關係花園-深度轉化進階排列-img2.png
media,3847,https://rsg.com.tw/wp-content/uploads/2020/06/關係花園-深度轉化進階排列-img1.png,/wp-content/uploads/2020/06/關係花園-深度轉化進階排列-img1.png,關係花園-深度轉化進階排列-img1,2020-08-31T08:55:18,2020-08-31T08:55:51,/media/2020/06/關係花園-深度轉化進階排列-img1.png
media,3846,https://rsg.com.tw/wp-content/uploads/2020/06/關係花園-深度轉化進階排列-banner.png,/wp-content/uploads/2020/06/關係花園-深度轉化進階排列-banner.png,關係花園-深度轉化進階排列-banner,2020-08-31T08:55:12,2020-08-31T08:55:35,/media/2020/06/關係花園-深度轉化進階排列-banner.png
media,3843,https://rsg.com.tw/wp-content/uploads/2020/07/關係花園-關於花園img-學員怎麼說-divider.png,/wp-content/uploads/2020/07/關係花園-關於花園img-學員怎麼說-divider.png,關係花園-關於花園img-學員怎麼說-divider,2020-08-27T11:32:23,2020-08-27T11:32:23,/media/2020/07/關係花園-關於花園img-學員怎麼說-divider.png
media,3842,https://rsg.com.tw/wp-content/uploads/2020/07/關係花園-關於花園img-學員怎麼說-banner.png,/wp-content/uploads/2020/07/關係花園-關於花園img-學員怎麼說-banner.png,關係花園-關於花園img-學員怎麼說-banner,2020-08-27T11:32:14,2020-08-27T11:33:31,/media/2020/07/關係花園-關於花園img-學員怎麼說-banner.png
media,3841,https://rsg.com.tw/wp-content/uploads/2020/07/關係花園-關於花園img-banner.png,/wp-content/uploads/2020/07/關係花園-關於花園img-banner.png,關係花園-關於花園img-banner,2020-08-27T11:32:07,2020-08-27T11:32:07,/media/2020/07/關係花園-關於花園img-banner.png
media,3823,https://rsg.com.tw/wp-content/uploads/2020/08/謝雅蓉0827.jpg,/wp-content/uploads/2020/08/謝雅蓉0827.jpg,謝雅蓉0827,2020-08-27T07:34:45,2020-08-27T07:34:45,/media/2020/08/謝雅蓉0827.jpg
media,3822,https://rsg.com.tw/wp-content/uploads/2020/08/許桓瑞0827.jpg,/wp-content/uploads/2020/08/許桓瑞0827.jpg,許桓瑞0827,2020-08-27T07:34:39,2020-08-27T07:34:39,/media/2020/08/許桓瑞0827.jpg
media,3770,https://rsg.com.tw/wp-content/uploads/2020/08/關係花園-一對一協談-一對一協談img-03-1.png,/wp-content/uploads/2020/08/關係花園-一對一協談-一對一協談img-03-1.png,關係花園-一對一協談-一對一協談img-03,2020-08-20T08:07:54,2020-08-20T08:07:54,/media/2020/08/關係花園-一對一協談-一對一協談img-03-1.png
media,3766,https://rsg.com.tw/wp-content/uploads/2020/08/關於花園1.jpg,/wp-content/uploads/2020/08/關於花園1.jpg,關於花園1,2020-08-20T04:04:20,2020-08-20T04:04:20,/media/2020/08/關於花園1.jpg
media,3749,https://rsg.com.tw/wp-content/uploads/2020/08/main-banner-關係工作坊-.png,/wp-content/uploads/2020/08/main-banner-關係工作坊-.png,main-banner-關係工作坊,2020-08-14T15:20:57,2020-08-14T15:20:57,/media/2020/08/main-banner-關係工作坊-.png
media,3703,https://rsg.com.tw/wp-content/uploads/2020/08/關係花園-關於花園img-關係核心.png,/wp-content/uploads/2020/08/關係花園-關於花園img-關係核心.png,關係花園-關於花園img-關係核心,2020-08-12T08:42:10,2020-08-12T08:42:10,/media/2020/08/關係花園-關於花園img-關係核心.png
media,3702,https://rsg.com.tw/wp-content/uploads/2020/08/關係花園-關於花園img-會饋分享.png,/wp-content/uploads/2020/08/關係花園-關於花園img-會饋分享.png,關係花園-關於花園img-會饋分享,2020-08-12T08:42:09,2020-08-12T08:42:09,/media/2020/08/關係花園-關於花園img-會饋分享.png
media,3701,https://rsg.com.tw/wp-content/uploads/2020/08/關係花園-關於花園img-花園中心.png,/wp-content/uploads/2020/08/關係花園-關於花園img-花園中心.png,關係花園-關於花園img-花園中心,2020-08-12T08:42:07,2020-08-12T08:42:07,/media/2020/08/關係花園-關於花園img-花園中心.png
media,3700,https://rsg.com.tw/wp-content/uploads/2020/08/關係花園-關於花園img-服務團隊.png,/wp-content/uploads/2020/08/關係花園-關於花園img-服務團隊.png,關係花園-關於花園img-服務團隊,2020-08-12T08:42:05,2020-08-12T08:42:05,/media/2020/08/關係花園-關於花園img-服務團隊.png
media,3699,https://rsg.com.tw/wp-content/uploads/2020/08/關係花園-關於花園img-服務人數.png,/wp-content/uploads/2020/08/關係花園-關於花園img-服務人數.png,關係花園-關於花園img-服務人數,2020-08-12T08:42:04,2020-08-12T08:42:04,/media/2020/08/關係花園-關於花園img-服務人數.png
media,3698,https://rsg.com.tw/wp-content/uploads/2020/08/關係花園-關於花園img-系統式課程.png,/wp-content/uploads/2020/08/關係花園-關於花園img-系統式課程.png,關係花園-關於花園img-系統式課程,2020-08-12T08:42:02,2020-08-12T08:42:02,/media/2020/08/關係花園-關於花園img-系統式課程.png
media,3697,https://rsg.com.tw/wp-content/uploads/2020/08/關係花園-關於花園img-banner.png,/wp-content/uploads/2020/08/關係花園-關於花園img-banner.png,關係花園-關於花園img-banner,2020-08-12T08:41:54,2020-08-12T08:41:54,/media/2020/08/關係花園-關於花園img-banner.png
media,3661,https://rsg.com.tw/wp-content/uploads/2020/08/關係花園-一對一協談-工作區域-37.png,/wp-content/uploads/2020/08/關係花園-一對一協談-工作區域-37.png,關係花園-一對一協談-工作區域 37,2020-08-03T06:41:00,2020-08-03T06:41:00,/media/2020/08/關係花園-一對一協談-工作區域-37.png
media,3660,https://rsg.com.tw/wp-content/uploads/2020/08/關係花園-一對一協談-一對一協談img-04.png,/wp-content/uploads/2020/08/關係花園-一對一協談-一對一協談img-04.png,關係花園-一對一協談-一對一協談img-04,2020-08-03T06:40:58,2020-08-03T06:40:58,/media/2020/08/關係花園-一對一協談-一對一協談img-04.png
media,3658,https://rsg.com.tw/wp-content/uploads/2020/08/關係花園-一對一協談-一對一協談img-02.png,/wp-content/uploads/2020/08/關係花園-一對一協談-一對一協談img-02.png,關係花園-一對一協談-一對一協談img-02,2020-08-03T06:40:47,2020-09-25T02:58:24,/media/2020/08/關係花園-一對一協談-一對一協談img-02.png
media,3638,https://rsg.com.tw/wp-content/uploads/2020/07/關係花園-index-底紋2-1280-頁尾底圖-M2.png,/wp-content/uploads/2020/07/關係花園-index-底紋2-1280-頁尾底圖-M2.png,關係花園-index-底紋2-1280-頁尾底圖-M2,2020-07-27T05:49:45,2020-07-27T05:49:45,/media/2020/07/關係花園-index-底紋2-1280-頁尾底圖-M2.png
media,3609,https://rsg.com.tw/wp-content/uploads/2020/07/關係花園-index-底紋4.png,/wp-content/uploads/2020/07/關係花園-index-底紋4.png,關係花園-index-底紋4,2020-07-27T02:29:31,2020-07-27T02:29:31,/media/2020/07/關係花園-index-底紋4.png
media,3608,https://rsg.com.tw/wp-content/uploads/2020/07/關係花園-index-底紋3.png,/wp-content/uploads/2020/07/關係花園-index-底紋3.png,關係花園-index-底紋3,2020-07-27T02:29:22,2020-07-27T02:29:22,/media/2020/07/關係花園-index-底紋3.png
media,3601,https://rsg.com.tw/wp-content/uploads/2020/07/關係花園-index-icon-健康情緒.png,/wp-content/uploads/2020/07/關係花園-index-icon-健康情緒.png,關係花園-index-icon-健康情緒,2020-07-27T02:28:28,2020-07-27T02:28:28,/media/2020/07/關係花園-index-icon-健康情緒.png
media,3600,https://rsg.com.tw/wp-content/uploads/2020/07/關係花園-index-icon-家庭親子.png,/wp-content/uploads/2020/07/關係花園-index-icon-家庭親子.png,關係花園-index-icon-家庭親子,2020-07-27T02:28:26,2020-07-27T02:28:26,/media/2020/07/關係花園-index-icon-家庭親子.png
media,3599,https://rsg.com.tw/wp-content/uploads/2020/07/關係花園-index-icon-金錢財富.png,/wp-content/uploads/2020/07/關係花園-index-icon-金錢財富.png,關係花園-index-icon-金錢財富,2020-07-27T02:28:24,2020-07-27T02:28:24,/media/2020/07/關係花園-index-icon-金錢財富.png
media,3598,https://rsg.com.tw/wp-content/uploads/2020/07/關係花園-index-icon-兩性親密.png,/wp-content/uploads/2020/07/關係花園-index-icon-兩性親密.png,關係花園-index-icon-兩性親密,2020-07-27T02:28:21,2020-07-27T02:28:21,/media/2020/07/關係花園-index-icon-兩性親密.png
media,3597,https://rsg.com.tw/wp-content/uploads/2020/07/關係花園-index-icon-工作人際.png,/wp-content/uploads/2020/07/關係花園-index-icon-工作人際.png,關係花園-index-icon-工作人際,2020-07-27T02:28:19,2020-07-27T02:28:19,/media/2020/07/關係花園-index-icon-工作人際.png
media,2646,https://rsg.com.tw/wp-content/uploads/2020/06/gardener-new01.jpg,/wp-content/uploads/2020/06/gardener-new01.jpg,gardener-new01,2020-06-20T07:07:51,2020-06-20T07:07:51,/media/2020/06/gardener-new01.jpg
media,2645,https://rsg.com.tw/wp-content/uploads/2020/06/gardener-new03.jpg,/wp-content/uploads/2020/06/gardener-new03.jpg,gardener-new03,2020-06-20T07:07:48,2020-06-20T07:07:48,/media/2020/06/gardener-new03.jpg
media,2642,https://rsg.com.tw/wp-content/uploads/2020/06/gardener-new07.jpg,/wp-content/uploads/2020/06/gardener-new07.jpg,gardener-new07,2020-06-20T07:07:36,2020-06-20T07:07:36,/media/2020/06/gardener-new07.jpg
media,2639,https://rsg.com.tw/wp-content/uploads/2020/06/gardener-new08.jpg,/wp-content/uploads/2020/06/gardener-new08.jpg,gardener-new08,2020-06-20T07:07:25,2020-06-20T07:07:25,/media/2020/06/gardener-new08.jpg
media,2638,https://rsg.com.tw/wp-content/uploads/2020/06/gardener-new11.jpg,/wp-content/uploads/2020/06/gardener-new11.jpg,gardener-new11,2020-06-20T07:07:21,2020-06-20T07:07:21,/media/2020/06/gardener-new11.jpg
media,2637,https://rsg.com.tw/wp-content/uploads/2020/06/gardener-new12.jpg,/wp-content/uploads/2020/06/gardener-new12.jpg,gardener-new12,2020-06-20T07:07:16,2020-06-20T07:07:16,/media/2020/06/gardener-new12.jpg
media,2636,https://rsg.com.tw/wp-content/uploads/2020/06/gardener-new13.jpg,/wp-content/uploads/2020/06/gardener-new13.jpg,gardener-new13,2020-06-20T07:07:13,2020-06-20T07:07:13,/media/2020/06/gardener-new13.jpg
media,2633,https://rsg.com.tw/wp-content/uploads/2020/06/114123106.jpg,/wp-content/uploads/2020/06/114123106.jpg,114123106,2020-06-20T07:07:02,2020-06-20T07:07:02,/media/2020/06/114123106.jpg
media,2632,https://rsg.com.tw/wp-content/uploads/2020/06/127374129.jpg,/wp-content/uploads/2020/06/127374129.jpg,127374129,2020-06-20T07:06:58,2020-06-20T07:06:58,/media/2020/06/127374129.jpg
media,2631,https://rsg.com.tw/wp-content/uploads/2020/06/132671961.jpg,/wp-content/uploads/2020/06/132671961.jpg,132671961,2020-06-20T07:06:54,2020-06-20T07:06:54,/media/2020/06/132671961.jpg
media,2630,https://rsg.com.tw/wp-content/uploads/2020/06/190952808.jpg,/wp-content/uploads/2020/06/190952808.jpg,190952808,2020-06-20T07:06:49,2020-06-20T07:06:49,/media/2020/06/190952808.jpg
media,2629,https://rsg.com.tw/wp-content/uploads/2020/06/283678101.jpg,/wp-content/uploads/2020/06/283678101.jpg,283678101,2020-06-20T07:06:45,2020-06-20T07:06:45,/media/2020/06/283678101.jpg
media,2628,https://rsg.com.tw/wp-content/uploads/2020/06/460362358.jpg,/wp-content/uploads/2020/06/460362358.jpg,460362358,2020-06-20T07:06:42,2020-06-20T07:06:42,/media/2020/06/460362358.jpg
media,2627,https://rsg.com.tw/wp-content/uploads/2020/06/502956566.jpg,/wp-content/uploads/2020/06/502956566.jpg,502956566,2020-06-20T07:06:38,2020-06-20T07:06:38,/media/2020/06/502956566.jpg
media,2556,https://rsg.com.tw/wp-content/uploads/2020/06/money-circle05.png,/wp-content/uploads/2020/06/money-circle05.png,money-circle05,2020-06-19T12:39:44,2020-06-19T12:39:44,/media/2020/06/money-circle05.png
media,2555,https://rsg.com.tw/wp-content/uploads/2020/06/money-circle04.png,/wp-content/uploads/2020/06/money-circle04.png,money-circle04,2020-06-19T12:39:41,2020-06-19T12:39:41,/media/2020/06/money-circle04.png
media,2553,https://rsg.com.tw/wp-content/uploads/2020/06/money-circle03.png,/wp-content/uploads/2020/06/money-circle03.png,money-circle03,2020-06-19T12:39:36,2020-06-19T12:39:36,/media/2020/06/money-circle03.png
media,2552,https://rsg.com.tw/wp-content/uploads/2020/06/money-circle02.png,/wp-content/uploads/2020/06/money-circle02.png,money-circle02,2020-06-19T12:39:33,2020-06-19T12:39:33,/media/2020/06/money-circle02.png
media,2551,https://rsg.com.tw/wp-content/uploads/2020/06/money-circle01.png,/wp-content/uploads/2020/06/money-circle01.png,money-circle01,2020-06-19T12:39:30,2020-06-19T12:39:30,/media/2020/06/money-circle01.png
media,2102,https://rsg.com.tw/wp-content/uploads/2020/06/影片icon.png,/wp-content/uploads/2020/06/影片icon.png,影片icon,2020-06-11T09:40:37,2020-06-11T09:40:37,/media/2020/06/影片icon.png
media,721,https://rsg.com.tw/wp-content/uploads/2020/06/關係花園-icon.png,/wp-content/uploads/2020/06/關係花園-icon.png,關係花園-icon,2020-06-10T09:30:39,2020-06-10T09:30:39,/media/2020/06/關係花園-icon.png
media,720,https://rsg.com.tw/wp-content/uploads/2020/06/Relationship-Garden-logo.png,/wp-content/uploads/2020/06/Relationship-Garden-logo.png,Relationship Garden-logo,2020-06-10T09:17:16,2020-06-10T09:17:16,/media/2020/06/Relationship-Garden-logo.png
sitemap-only,,https://rsg.com.tw/events/,/events,,,,/events
sitemap-only,,https://rsg.com.tw/events/%e7%94%9f%e5%91%bd%e6%95%b4%e5%90%88%e5%b7%a5%e4%bd%9c%e5%9d%8a-2-2-%e5%a4%a7%e9%a6%ac,/events/生命整合工作坊-2-2-大馬,,,,/events/生命整合工作坊-2-2-大馬
sitemap-only,,https://rsg.com.tw/events/%e7%94%9f%e5%91%bd%e5%b0%88%e8%bb%8a%e5%b7%a5%e4%bd%9c%e5%9d%8a-52-%e5%a4%a7%e9%a6%ac,/events/生命專車工作坊-52-大馬,,,,/events/生命專車工作坊-52-大馬
sitemap-only,,https://rsg.com.tw/events/%e7%94%9f%e5%91%bd%e5%b0%88%e8%bb%8a%e5%b7%a5%e4%bd%9c%e5%9d%8a,/events/生命專車工作坊,,,,/events/生命專車工作坊
sitemap-only,,https://rsg.com.tw/events/%e8%8a%b1%e5%9c%92%e6%84%8f%e8%ad%98%e8%83%bd%e9%87%8f%e5%8d%a1%ef%bc%bbi%e9%9a%8e%ef%bc%bd%e5%b7%a5%e4%bd%9c%e5%9d%8a-2,/events/花園意識能量卡［i階］工作坊-2,,,,/events/花園意識能量卡［i階］工作坊-2
sitemap-only,,https://rsg.com.tw/events/%e8%8a%b1%e5%9c%92%e6%84%8f%e8%ad%98%e8%83%bd%e9%87%8f%e5%8d%a1%ef%bc%bbi%e9%9a%8e%ef%bc%bd%e5%b7%a5%e4%bd%9c%e5%9d%8a,/events/花園意識能量卡［i階］工作坊,,,,/events/花園意識能量卡［i階］工作坊
sitemap-only,,https://rsg.com.tw/events/%e7%94%9f%e5%91%bd%e8%97%8d%e5%9c%96%e5%b7%a5%e4%bd%9c%e5%9d%8a,/events/生命藍圖工作坊,,,,/events/生命藍圖工作坊
sitemap-only,,https://rsg.com.tw/events/%e4%b8%bb%e9%a1%8c%e5%bc%8f%e6%95%b4%e5%90%88%e6%8e%92%e5%88%97-6-%e5%b7%a5%e4%bd%9c%e4%ba%8b%e6%a5%ad-%e5%a4%a7%e9%a6%ac,/events/主題式整合排列-6-工作事業-大馬,,,,/events/主題式整合排列-6-工作事業-大馬
sitemap-only,,https://rsg.com.tw/events/%e7%94%9f%e5%91%bd%e8%97%8d%e5%9c%96%e5%b7%a5%e4%bd%9c%e5%9d%8a-2-%e5%a4%a7%e9%a6%ac,/events/生命藍圖工作坊-2-大馬,,,,/events/生命藍圖工作坊-2-大馬
sitemap-only,,https://rsg.com.tw/events/%e4%bc%81%e6%a5%ad%e5%a4%96%e8%a8%93-36,/events/企業外訓-36,,,,/events/企業外訓-36
sitemap-only,,https://rsg.com.tw/events/%e4%bc%81%e6%a5%ad%e5%a4%96%e8%a8%93-35,/events/企業外訓-35,,,,/events/企業外訓-35
sitemap-only,,https://rsg.com.tw/events/%e9%a1%8c%e6%95%b4%e5%90%88%e6%8e%92%e5%88%97%e5%b7%a5%e4%bd%9c%e5%9d%8a-3-%e8%a6%aa%e5%af%86%e9%97%9c%e4%bf%82-%e5%a4%a7%e9%a6%ac,/events/題整合排列工作坊-3-親密關係-大馬,,,,/events/題整合排列工作坊-3-親密關係-大馬
sitemap-only,,https://rsg.com.tw/events/%e7%94%9f%e5%91%bd%e6%95%b4%e5%90%88%e5%b7%a5%e4%bd%9c%e5%9d%8a1-3,/events/生命整合工作坊1-3,,,,/events/生命整合工作坊1-3
sitemap-only,,https://rsg.com.tw/events/%e7%94%9f%e5%91%bd%e6%95%b4%e5%90%88%e5%b7%a5%e4%bd%9c%e5%9d%8a1-2,/events/生命整合工作坊1-2,,,,/events/生命整合工作坊1-2
sitemap-only,,https://rsg.com.tw/events/%e4%b8%bb%e9%a1%8c%e6%95%b4%e5%90%88%e6%8e%92%e5%88%97%e5%b7%a5%e4%bd%9c%e5%9d%8a-4-%e8%a6%aa%e5%af%86%e9%97%9c%e4%bf%82,/events/主題整合排列工作坊-4-親密關係,,,,/events/主題整合排列工作坊-4-親密關係
sitemap-only,,https://rsg.com.tw/events/2025%e9%99%a4%e8%88%8a%e5%b7%a5%e4%bd%9c%e5%9d%8a-2,/events/2025除舊工作坊-2,,,,/events/2025除舊工作坊-2
sitemap-only,,https://rsg.com.tw/events/2025%e9%99%a4%e8%88%8a%e5%b7%a5%e4%bd%9c%e5%9d%8a,/events/2025除舊工作坊,,,,/events/2025除舊工作坊
sitemap-only,,https://rsg.com.tw/events/%e7%94%9f%e5%91%bd%e5%b0%88%e8%bb%8a%e5%b7%a5%e4%bd%9c%e5%9d%8a-48,/events/生命專車工作坊-48,,,,/events/生命專車工作坊-48
sitemap-only,,https://rsg.com.tw/events/%e7%94%9f%e5%91%bd%e5%b0%88%e8%bb%8a%e5%b7%a5%e4%bd%9c%e5%9d%8a-51-%e5%a4%a7%e9%a6%ac,/events/生命專車工作坊-51-大馬,,,,/events/生命專車工作坊-51-大馬
sitemap-only,,https://rsg.com.tw/events/%e7%94%9f%e5%91%bd%e5%b0%88%e8%bb%8a%e5%b7%a5%e4%bd%9c%e5%9d%8a-50,/events/生命專車工作坊-50,,,,/events/生命專車工作坊-50
sitemap-only,,https://rsg.com.tw/events/%e4%bc%81%e6%a5%ad%e5%a4%96%e8%a8%93-34,/events/企業外訓-34,,,,/events/企業外訓-34
sitemap-only,,https://rsg.com.tw/events/%e7%94%9f%e5%91%bd%e5%b0%88%e8%bb%8a%e5%b7%a5%e4%bd%9c%e5%9d%8a-49-%e5%a4%a7%e9%a6%ac,/events/生命專車工作坊-49-大馬,,,,/events/生命專車工作坊-49-大馬
sitemap-only,,https://rsg.com.tw/events/%e4%bc%81%e6%a5%ad%e5%a4%96%e8%a8%93-33,/events/企業外訓-33,,,,/events/企業外訓-33
sitemap-only,,https://rsg.com.tw/events/%e4%b8%bb%e9%a1%8c%e6%95%b4%e5%90%88%e6%8e%92%e5%88%97%e5%b7%a5%e4%bd%9c%e5%9d%8a2-%e9%9d%88%e9%ad%82%e7%a2%8e%e7%89%87,/events/主題整合排列工作坊2-靈魂碎片,,,,/events/主題整合排列工作坊2-靈魂碎片
sitemap-only,,https://rsg.com.tw/events/%e5%92%96%e5%95%a1%e6%99%82%e5%85%89,/events/咖啡時光,,,,/events/咖啡時光
sitemap-only,,https://rsg.com.tw/events/%e4%bc%81%e6%a5%ad%e5%a4%96%e8%a8%93-32,/events/企業外訓-32,,,,/events/企業外訓-32
sitemap-only,,https://rsg.com.tw/events/%e5%85%a7%e5%9c%a8%e5%b0%8f%e5%ad%a9%e5%b7%a5%e4%bd%9c%e5%9d%8a25%e5%a4%a7%e9%a6%ac,/events/內在小孩工作坊25大馬,,,,/events/內在小孩工作坊25大馬
sitemap-only,,https://rsg.com.tw/events/%e9%96%8b%e5%95%9f%e6%84%9f%e7%9f%a5%e5%8a%9b%e5%b7%a5%e4%bd%9c%e5%9d%8a%e5%a4%a7%e9%a6%ac2-1-2,/events/開啟感知力工作坊大馬2-1-2,,,,/events/開啟感知力工作坊大馬2-1-2
sitemap-only,,https://rsg.com.tw/events/%e7%94%9f%e5%91%bd%e5%b0%88%e8%bb%8a%e5%b7%a5%e4%bd%9c%e5%9d%8a48%e5%a4%a7%e9%a6%ac,/events/生命專車工作坊48大馬,,,,/events/生命專車工作坊48大馬
sitemap-only,,https://rsg.com.tw/events/%e9%96%8b%e5%95%9f%e6%84%9f%e7%9f%a5%e5%8a%9b%e5%b7%a5%e4%bd%9c%e5%9d%8a1-2,/events/開啟感知力工作坊1-2,,,,/events/開啟感知力工作坊1-2
sitemap-only,,https://rsg.com.tw/events/%e6%88%90%e7%82%ba%e8%87%aa%e5%b7%b1%e7%9a%84%e5%bf%83%e9%9d%88%e6%95%99%e7%b7%b47-11,/events/成為自己的心靈教練7-11,,,,/events/成為自己的心靈教練7-11
sitemap-only,,https://rsg.com.tw/events/%e4%b8%bb%e9%a1%8c%e6%95%b4%e5%90%88%e6%8e%92%e5%88%97%e5%b7%a5%e4%bd%9c%e5%9d%8a1%ef%bc%9a%e9%87%91%e9%8c%a2%e8%b2%a1%e5%af%8c,/events/主題整合排列工作坊1：金錢財富,,,,/events/主題整合排列工作坊1：金錢財富
sitemap-only,,https://rsg.com.tw/events/%e4%bc%81%e6%a5%ad%e5%a4%96%e8%a8%93-31,/events/企業外訓-31,,,,/events/企業外訓-31
sitemap-only,,https://rsg.com.tw/events/%e6%88%90%e7%82%ba%e8%87%aa%e5%b7%b1%e7%9a%84%e5%bf%83%e9%9d%88%e6%95%99%e7%b7%b47-10,/events/成為自己的心靈教練7-10,,,,/events/成為自己的心靈教練7-10
sitemap-only,,https://rsg.com.tw/events/%e6%88%90%e7%82%ba%e8%87%aa%e5%b7%b1%e7%9a%84%e5%bf%83%e9%9d%88%e6%95%99%e7%b7%b47-9,/events/成為自己的心靈教練7-9,,,,/events/成為自己的心靈教練7-9
sitemap-only,,https://rsg.com.tw/events/%e6%88%90%e7%82%ba%e8%87%aa%e5%b7%b1%e7%9a%84%e5%bf%83%e9%9d%88%e6%95%99%e7%b7%b47-8,/events/成為自己的心靈教練7-8,,,,/events/成為自己的心靈教練7-8
sitemap-only,,https://rsg.com.tw/events/%e6%88%90%e7%82%ba%e8%87%aa%e5%b7%b1%e7%9a%84%e5%bf%83%e9%9d%88%e6%95%99%e7%b7%b47-7,/events/成為自己的心靈教練7-7,,,,/events/成為自己的心靈教練7-7
sitemap-only,,https://rsg.com.tw/events/%e6%88%90%e7%82%ba%e8%87%aa%e5%b7%b1%e7%9a%84%e5%bf%83%e9%9d%88%e6%95%99%e7%b7%b47-6,/events/成為自己的心靈教練7-6,,,,/events/成為自己的心靈教練7-6
sitemap-only,,https://rsg.com.tw/events/%e6%88%90%e7%82%ba%e8%87%aa%e5%b7%b1%e7%9a%84%e5%bf%83%e9%9d%88%e6%95%99%e7%b7%b47-5,/events/成為自己的心靈教練7-5,,,,/events/成為自己的心靈教練7-5
sitemap-only,,https://rsg.com.tw/events/%e6%88%90%e7%82%ba%e8%87%aa%e5%b7%b1%e7%9a%84%e5%bf%83%e9%9d%88%e6%95%99%e7%b7%b47-4,/events/成為自己的心靈教練7-4,,,,/events/成為自己的心靈教練7-4
sitemap-only,,https://rsg.com.tw/events/%e6%88%90%e7%82%ba%e8%87%aa%e5%b7%b1%e7%9a%84%e5%bf%83%e9%9d%88%e6%95%99%e7%b7%b47-3,/events/成為自己的心靈教練7-3,,,,/events/成為自己的心靈教練7-3
sitemap-only,,https://rsg.com.tw/events/%e6%88%90%e7%82%ba%e8%87%aa%e5%b7%b1%e7%9a%84%e5%bf%83%e9%9d%88%e6%95%99%e7%b7%b47-2,/events/成為自己的心靈教練7-2,,,,/events/成為自己的心靈教練7-2
sitemap-only,,https://rsg.com.tw/events/%e7%94%9f%e5%91%bd%e5%b0%88%e8%bb%8a%e5%b7%a5%e4%bd%9c%e5%9d%8a47,/events/生命專車工作坊47,,,,/events/生命專車工作坊47
sitemap-only,,https://rsg.com.tw/events/%e6%88%90%e7%82%ba%e8%87%aa%e5%b7%b1%e7%9a%84%e5%bf%83%e9%9d%88%e6%95%99%e7%b7%b47,/events/成為自己的心靈教練7,,,,/events/成為自己的心靈教練7
sitemap-only,,https://rsg.com.tw/events/%e6%b7%b1%e5%ba%a6%e8%bd%89%e5%8c%96%e5%b7%a5%e4%bd%9c%e5%9d%8a%e5%a4%a7%e9%a6%ac9,/events/深度轉化工作坊大馬9,,,,/events/深度轉化工作坊大馬9
sitemap-only,,https://rsg.com.tw/events/%e9%96%8b%e5%95%9f%e6%84%9f%e7%9f%a5%e5%8a%9b%e5%b7%a5%e4%bd%9c%e5%9d%8a%e5%a4%a7%e9%a6%ac2-1,/events/開啟感知力工作坊大馬2-1,,,,/events/開啟感知力工作坊大馬2-1
sitemap-only,,https://rsg.com.tw/events/%e7%94%9f%e5%91%bd%e5%b0%88%e8%bb%8a%e5%b7%a5%e4%bd%9c%e5%9d%8a%e5%a4%a7%e9%a6%ac46,/events/生命專車工作坊大馬46,,,,/events/生命專車工作坊大馬46
sitemap-only,,https://rsg.com.tw/events/%e9%96%8b%e5%95%9f%e6%84%9f%e7%9f%a5%e5%8a%9b%e5%b7%a5%e4%bd%9c%e5%9d%8a1-1,/events/開啟感知力工作坊1-1,,,,/events/開啟感知力工作坊1-1
sitemap-only,,https://rsg.com.tw/events/%e4%bc%81%e6%a5%ad%e5%a4%96%e8%a8%93-30,/events/企業外訓-30,,,,/events/企業外訓-30
sitemap-only,,https://rsg.com.tw/events/%e9%9d%9c%e5%bf%83%e6%89%8b%e4%bd%9c%e5%b7%a5%e4%bd%9c%e5%9d%8a,/events/靜心手作工作坊,,,,/events/靜心手作工作坊
sitemap-only,,https://rsg.com.tw/events/%e5%92%96%e5%95%a1%e6%99%82%e5%85%89-coffee-time,/events/咖啡時光-coffee-time,,,,/events/咖啡時光-coffee-time
sitemap-only,,https://rsg.com.tw/events/%e7%94%9f%e5%91%bd%e5%b0%88%e8%bb%8a%e5%b7%a5%e4%bd%9c%e5%9d%8a-45,/events/生命專車工作坊-45,,,,/events/生命專車工作坊-45
sitemap-only,,https://rsg.com.tw/events/%e7%94%9f%e5%91%bd%e5%b0%88%e8%bb%8a%e5%b7%a5%e4%bd%9c%e5%9d%8a-44-%e5%a4%a7%e9%a6%ac,/events/生命專車工作坊-44-大馬,,,,/events/生命專車工作坊-44-大馬
sitemap-only,,https://rsg.com.tw/events/%e7%94%9f%e5%91%bd%e5%b0%88%e8%bb%8a%e5%b7%a5%e4%bd%9c%e5%9d%8a43,/events/生命專車工作坊43,,,,/events/生命專車工作坊43
sitemap-only,,https://rsg.com.tw/events/%e7%94%9f%e5%91%bd%e5%b0%88%e8%bb%8a%e5%b7%a5%e4%bd%9c%e5%9d%8a-42-%e5%a4%a7%e9%a6%ac,/events/生命專車工作坊-42-大馬,,,,/events/生命專車工作坊-42-大馬
sitemap-only,,https://rsg.com.tw/events/%e4%bc%81%e6%a5%ad%e5%a4%96%e8%a8%93-29,/events/企業外訓-29,,,,/events/企業外訓-29
sitemap-only,,https://rsg.com.tw/events/%e6%8b%9b%e8%b2%a1%e9%96%8b%e9%81%8b%e8%87%aa%e5%b7%b1%e4%be%86%e5%b7%a5%e4%bd%9c%e5%9d%8a-5-%e5%a4%a7%e9%a6%ac,/events/招財開運自己來工作坊-5-大馬,,,,/events/招財開運自己來工作坊-5-大馬
sitemap-only,,https://rsg.com.tw/events/%e6%8b%9b%e8%b2%a1%e9%96%8b%e9%81%8b%e8%87%aa%e5%b7%b1%e4%be%86%e5%b7%a5%e4%bd%9c%e5%9d%8a-4,/events/招財開運自己來工作坊-4,,,,/events/招財開運自己來工作坊-4
sitemap-only,,https://rsg.com.tw/events/%e6%8b%9b%e8%b2%a1%e9%96%8b%e9%81%8b%e8%87%aa%e5%b7%b1%e4%be%86%e5%b7%a5%e4%bd%9c%e5%9d%8a-7-%e5%a4%a7%e9%a6%ac,/events/招財開運自己來工作坊-7-大馬,,,,/events/招財開運自己來工作坊-7-大馬
sitemap-only,,https://rsg.com.tw/events/%e6%b7%b1%e5%ba%a6%e8%bd%89%e5%8c%96%e5%b7%a5%e4%bd%9c%e5%9d%8a%e5%b7%a5%e4%bd%9c%e5%9d%8a-9,/events/深度轉化工作坊工作坊-9,,,,/events/深度轉化工作坊工作坊-9
sitemap-only,,https://rsg.com.tw/events/%e5%85%a7%e5%9c%a8%e5%b0%8f%e5%ad%a9%e5%b7%a5%e4%bd%9c%e5%9d%8a-24,/events/內在小孩工作坊-24,,,,/events/內在小孩工作坊-24
sitemap-only,,https://rsg.com.tw/events/%e8%ae%93%e6%83%85%e7%b7%92%e8%aa%aa%e8%a9%b1%e5%b7%a5%e4%bd%9c%e5%9d%8a-2-%e5%a4%a7%e9%a6%ac,/events/讓情緒說話工作坊-2-大馬,,,,/events/讓情緒說話工作坊-2-大馬
sitemap-only,,https://rsg.com.tw/events/%e8%ae%93%e6%83%85%e7%b7%92%e8%aa%aa%e8%a9%b1%e5%b7%a5%e4%bd%9c%e5%9d%8a-1,/events/讓情緒說話工作坊-1,,,,/events/讓情緒說話工作坊-1
sitemap-only,,https://rsg.com.tw/events/%e6%8b%9b%e8%b2%a1%e9%96%8b%e9%81%8b%e8%87%aa%e5%b7%b1%e4%be%866,/events/招財開運自己來6,,,,/events/招財開運自己來6
sitemap-only,,https://rsg.com.tw/events/%e6%88%90%e7%82%ba%e8%87%aa%e5%b7%b1%e7%9a%84%e5%bf%83%e9%9d%88%e6%95%99%e7%b7%b4-33,/events/成為自己的心靈教練-33,,,,/events/成為自己的心靈教練-33
sitemap-only,,https://rsg.com.tw/events/%e6%88%90%e7%82%ba%e8%87%aa%e5%b7%b1%e7%9a%84%e5%bf%83%e9%9d%88%e6%95%99%e7%b7%b4-32,/events/成為自己的心靈教練-32,,,,/events/成為自己的心靈教練-32
sitemap-only,,https://rsg.com.tw/events/%e6%88%90%e7%82%ba%e8%87%aa%e5%b7%b1%e7%9a%84%e5%bf%83%e9%9d%88%e6%95%99%e7%b7%b4-31,/events/成為自己的心靈教練-31,,,,/events/成為自己的心靈教練-31
sitemap-only,,https://rsg.com.tw/events/%e6%88%90%e7%82%ba%e8%87%aa%e5%b7%b1%e7%9a%84%e5%bf%83%e9%9d%88%e6%95%99%e7%b7%b4-30,/events/成為自己的心靈教練-30,,,,/events/成為自己的心靈教練-30
sitemap-only,,https://rsg.com.tw/events/%e6%88%90%e7%82%ba%e8%87%aa%e5%b7%b1%e7%9a%84%e5%bf%83%e9%9d%88%e6%95%99%e7%b7%b4-29,/events/成為自己的心靈教練-29,,,,/events/成為自己的心靈教練-29
sitemap-only,,https://rsg.com.tw/events/%e6%88%90%e7%82%ba%e8%87%aa%e5%b7%b1%e7%9a%84%e5%bf%83%e9%9d%88%e6%95%99%e7%b7%b4-28,/events/成為自己的心靈教練-28,,,,/events/成為自己的心靈教練-28
sitemap-only,,https://rsg.com.tw/events/%e6%88%90%e7%82%ba%e8%87%aa%e5%b7%b1%e7%9a%84%e5%bf%83%e9%9d%88%e6%95%99%e7%b7%b4-27,/events/成為自己的心靈教練-27,,,,/events/成為自己的心靈教練-27
sitemap-only,,https://rsg.com.tw/events/%e6%88%90%e7%82%ba%e8%87%aa%e5%b7%b1%e7%9a%84%e5%bf%83%e9%9d%88%e6%95%99%e7%b7%b4-26,/events/成為自己的心靈教練-26,,,,/events/成為自己的心靈教練-26
sitemap-only,,https://rsg.com.tw/events/%e6%88%90%e7%82%ba%e8%87%aa%e5%b7%b1%e7%9a%84%e5%bf%83%e9%9d%88%e6%95%99%e7%b7%b4-25,/events/成為自己的心靈教練-25,,,,/events/成為自己的心靈教練-25
sitemap-only,,https://rsg.com.tw/events/%e6%88%90%e7%82%ba%e8%87%aa%e5%b7%b1%e7%9a%84%e5%bf%83%e9%9d%88%e6%95%99%e7%b7%b4-24,/events/成為自己的心靈教練-24,,,,/events/成為自己的心靈教練-24
sitemap-only,,https://rsg.com.tw/events/%e6%88%90%e7%82%ba%e8%87%aa%e5%b7%b1%e7%9a%84%e5%bf%83%e9%9d%88%e6%95%99%e7%b7%b4-23,/events/成為自己的心靈教練-23,,,,/events/成為自己的心靈教練-23
sitemap-only,,https://rsg.com.tw/events/%e5%85%a7%e5%9c%a8%e5%b0%8f%e5%ad%a9%e5%b7%a5%e4%bd%9c%e5%9d%8a-23,/events/內在小孩工作坊-23,,,,/events/內在小孩工作坊-23
sitemap-only,,https://rsg.com.tw/events/%e8%ba%ab%e5%bf%83%e5%b9%b3%e8%a1%a1%e4%b8%80%e6%97%a5%e5%b7%a5%e4%bd%9c%e5%9d%8a,/events/身心平衡一日工作坊,,,,/events/身心平衡一日工作坊
sitemap-only,,https://rsg.com.tw/events/%e7%94%9f%e5%91%bd%e5%b0%88%e8%bb%8a37-%e5%a4%a7%e9%a6%ac,/events/生命專車37-大馬,,,,/events/生命專車37-大馬
sitemap-only,,https://rsg.com.tw/events/%e5%85%a7%e5%9c%a8%e5%b0%8f%e5%ad%a9%e5%b7%a5%e4%bd%9c%e5%9d%8a-21-%e5%a4%a7%e9%a6%ac,/events/內在小孩工作坊-21-大馬,,,,/events/內在小孩工作坊-21-大馬
sitemap-only,,https://rsg.com.tw/events/%e7%94%9f%e5%91%bd%e5%b0%88%e8%bb%8a%e5%b7%a5%e4%bd%9c%e5%9d%8a41-%e5%a4%a7%e9%a6%ac-2,/events/生命專車工作坊41-大馬-2,,,,/events/生命專車工作坊41-大馬-2
sitemap-only,,https://rsg.com.tw/events/%e4%bc%81%e6%a5%ad%e5%a4%96%e8%a8%93-27,/events/企業外訓-27,,,,/events/企業外訓-27
sitemap-only,,https://rsg.com.tw/events/%e4%bc%81%e6%a5%ad%e5%a4%96%e8%a8%93-28,/events/企業外訓-28,,,,/events/企業外訓-28
sitemap-only,,https://rsg.com.tw/events/%e6%85%a2%e6%b4%bb%e7%87%9f,/events/慢活營,,,,/events/慢活營
sitemap-only,,https://rsg.com.tw/events/%e6%b7%b1%e5%ba%a6%e8%bd%89%e5%8c%96%e5%b7%a5%e4%bd%9c%e5%9d%8a8,/events/深度轉化工作坊8,,,,/events/深度轉化工作坊8
sitemap-only,,https://rsg.com.tw/events/%e6%8b%9b%e8%b2%a1%e9%96%8b%e9%81%8b%e8%87%aa%e5%b7%b1%e4%be%863,/events/招財開運自己來3,,,,/events/招財開運自己來3
sitemap-only,,https://rsg.com.tw/events/%e6%88%90%e7%82%ba%e8%87%aa%e5%b7%b1%e7%9a%84%e5%bf%83%e9%9d%88%e6%95%99%e7%b7%b4-22,/events/成為自己的心靈教練-22,,,,/events/成為自己的心靈教練-22
sitemap-only,,https://rsg.com.tw/events/%e6%88%90%e7%82%ba%e8%87%aa%e5%b7%b1%e7%9a%84%e5%bf%83%e9%9d%88%e6%95%99%e7%b7%b4-21,/events/成為自己的心靈教練-21,,,,/events/成為自己的心靈教練-21
sitemap-only,,https://rsg.com.tw/events/%e6%88%90%e7%82%ba%e8%87%aa%e5%b7%b1%e7%9a%84%e5%bf%83%e9%9d%88%e6%95%99%e7%b7%b4-20,/events/成為自己的心靈教練-20,,,,/events/成為自己的心靈教練-20
sitemap-only,,https://rsg.com.tw/events/%e6%88%90%e7%82%ba%e8%87%aa%e5%b7%b1%e7%9a%84%e5%bf%83%e9%9d%88%e6%95%99%e7%b7%b4-19,/events/成為自己的心靈教練-19,,,,/events/成為自己的心靈教練-19
sitemap-only,,https://rsg.com.tw/events/%e6%88%90%e7%82%ba%e8%87%aa%e5%b7%b1%e7%9a%84%e5%bf%83%e9%9d%88%e6%95%99%e7%b7%b4-18,/events/成為自己的心靈教練-18,,,,/events/成為自己的心靈教練-18
sitemap-only,,https://rsg.com.tw/events/%e6%88%90%e7%82%ba%e8%87%aa%e5%b7%b1%e7%9a%84%e5%bf%83%e9%9d%88%e6%95%99%e7%b7%b4-17,/events/成為自己的心靈教練-17,,,,/events/成為自己的心靈教練-17
sitemap-only,,https://rsg.com.tw/events/%e6%88%90%e7%82%ba%e8%87%aa%e5%b7%b1%e7%9a%84%e5%bf%83%e9%9d%88%e6%95%99%e7%b7%b4-16,/events/成為自己的心靈教練-16,,,,/events/成為自己的心靈教練-16
sitemap-only,,https://rsg.com.tw/events/%e6%88%90%e7%82%ba%e8%87%aa%e5%b7%b1%e7%9a%84%e5%bf%83%e9%9d%88%e6%95%99%e7%b7%b4-15,/events/成為自己的心靈教練-15,,,,/events/成為自己的心靈教練-15
sitemap-only,,https://rsg.com.tw/events/%e6%88%90%e7%82%ba%e8%87%aa%e5%b7%b1%e7%9a%84%e5%bf%83%e9%9d%88%e6%95%99%e7%b7%b4-14,/events/成為自己的心靈教練-14,,,,/events/成為自己的心靈教練-14
sitemap-only,,https://rsg.com.tw/events/%e6%88%90%e7%82%ba%e8%87%aa%e5%b7%b1%e7%9a%84%e5%bf%83%e9%9d%88%e6%95%99%e7%b7%b4-13,/events/成為自己的心靈教練-13,,,,/events/成為自己的心靈教練-13
sitemap-only,,https://rsg.com.tw/events/%e6%88%90%e7%82%ba%e8%87%aa%e5%b7%b1%e7%9a%84%e5%bf%83%e9%9d%88%e6%95%99%e7%b7%b4-12,/events/成為自己的心靈教練-12,,,,/events/成為自己的心靈教練-12
sitemap-only,,https://rsg.com.tw/events/%e6%88%90%e7%82%ba%e8%87%aa%e5%b7%b1%e7%9a%84%e5%bf%83%e9%9d%88%e6%95%99%e7%b7%b4,/events/成為自己的心靈教練,,,,/events/成為自己的心靈教練
sitemap-only,,https://rsg.com.tw/events/%e7%94%9f%e5%91%bd%e5%b0%88%e8%bb%8a-40,/events/生命專車-40,,,,/events/生命專車-40
sitemap-only,,https://rsg.com.tw/events/%e7%94%9f%e5%91%bd%e5%b0%88%e8%bb%8a%e5%b7%a5%e4%bd%9c%e5%9d%8a39-%e5%a4%a7%e9%a6%ac,/events/生命專車工作坊39-大馬,,,,/events/生命專車工作坊39-大馬
sitemap-only,,https://rsg.com.tw/events/%e6%b7%b1%e5%ba%a6%e8%bd%89%e5%8c%96%e5%b7%a5%e4%bd%9c%e5%9d%8a7-%e5%a4%a7%e9%a6%ac,/events/深度轉化工作坊7-大馬,,,,/events/深度轉化工作坊7-大馬
sitemap-only,,https://rsg.com.tw/events/%e6%8b%9b%e8%b2%a1%e9%96%8b%e9%81%8b%e8%87%aa%e5%b7%b1%e4%be%862,/events/招財開運自己來2,,,,/events/招財開運自己來2
sitemap-only,,https://rsg.com.tw/events/%e6%88%90%e7%82%ba%e8%87%aa%e5%b7%b1%e7%9a%84%e5%bf%83%e9%9d%88%e6%95%99%e7%b7%b4-9,/events/成為自己的心靈教練-9,,,,/events/成為自己的心靈教練-9
sitemap-only,,https://rsg.com.tw/events/4-17%e6%88%90%e7%82%ba%e8%87%aa%e5%b7%b1%e7%9a%84%e5%bf%83%e9%9d%88%e6%95%99%e7%b7%b4,/events/4-17成為自己的心靈教練,,,,/events/4-17成為自己的心靈教練
sitemap-only,,https://rsg.com.tw/events/4-20%e6%8b%9b%e8%b2%a1%e9%96%8b%e9%81%8b%e8%87%aa%e5%b7%b1%e4%be%86,/events/4-20招財開運自己來,,,,/events/4-20招財開運自己來
sitemap-only,,https://rsg.com.tw/events/4-24%e6%88%90%e7%82%ba%e8%87%aa%e5%b7%b1%e7%9a%84%e5%bf%83%e9%9d%88%e6%95%99%e7%b7%b4,/events/4-24成為自己的心靈教練,,,,/events/4-24成為自己的心靈教練
sitemap-only,,https://rsg.com.tw/events/%e6%88%90%e7%82%ba%e8%87%aa%e5%b7%b1%e7%9a%84%e5%bf%83%e9%9d%88%e6%95%99%e7%b7%b4-11,/events/成為自己的心靈教練-11,,,,/events/成為自己的心靈教練-11
sitemap-only,,https://rsg.com.tw/events/%e6%88%90%e7%82%ba%e8%87%aa%e5%b7%b1%e7%9a%84%e5%bf%83%e9%9d%88%e6%95%99%e7%b7%b4-10,/events/成為自己的心靈教練-10,,,,/events/成為自己的心靈教練-10
sitemap-only,,https://rsg.com.tw/events/%e6%88%90%e7%82%ba%e8%87%aa%e5%b7%b1%e7%9a%84%e5%bf%83%e9%9d%88%e6%95%99%e7%b7%b4-8,/events/成為自己的心靈教練-8,,,,/events/成為自己的心靈教練-8
sitemap-only,,https://rsg.com.tw/events/%e6%88%90%e7%82%ba%e8%87%aa%e5%b7%b1%e7%9a%84%e5%bf%83%e9%9d%88%e6%95%99%e7%b7%b4-7,/events/成為自己的心靈教練-7,,,,/events/成為自己的心靈教練-7
sitemap-only,,https://rsg.com.tw/events/%e6%88%90%e7%82%ba%e8%87%aa%e5%b7%b1%e7%9a%84%e5%bf%83%e9%9d%88%e6%95%99%e7%b7%b4-6,/events/成為自己的心靈教練-6,,,,/events/成為自己的心靈教練-6
sitemap-only,,https://rsg.com.tw/events/%e6%88%90%e7%82%ba%e8%87%aa%e5%b7%b1%e7%9a%84%e5%bf%83%e9%9d%88%e6%95%99%e7%b7%b4-5,/events/成為自己的心靈教練-5,,,,/events/成為自己的心靈教練-5
sitemap-only,,https://rsg.com.tw/events/%e6%88%90%e7%82%ba%e8%87%aa%e5%b7%b1%e7%9a%84%e5%bf%83%e9%9d%88%e6%95%99%e7%b7%b4-4,/events/成為自己的心靈教練-4,,,,/events/成為自己的心靈教練-4
sitemap-only,,https://rsg.com.tw/events/%e6%88%90%e7%82%ba%e8%87%aa%e5%b7%b1%e7%9a%84%e5%bf%83%e9%9d%88%e6%95%99%e7%b7%b4-3,/events/成為自己的心靈教練-3,,,,/events/成為自己的心靈教練-3
sitemap-only,,https://rsg.com.tw/events/%e6%88%90%e7%82%ba%e8%87%aa%e5%b7%b1%e7%9a%84%e5%bf%83%e9%9d%88%e6%95%99%e7%b7%b4-2,/events/成為自己的心靈教練-2,,,,/events/成為自己的心靈教練-2
sitemap-only,,https://rsg.com.tw/events/%e8%aa%bf%e9%a0%bb%e8%88%87%e9%a1%af%e5%8c%96-%e5%b7%a5%e4%bd%9c%e5%9d%8a-%e5%8f%b0%e7%81%a3%e5%a4%a7%e9%a6%ac,/events/調頻與顯化-工作坊-台灣大馬,,,,/events/調頻與顯化-工作坊-台灣大馬
sitemap-only,,https://rsg.com.tw/events/%e7%94%9f%e5%91%bd%e5%b0%88%e8%bb%8a-35-%e5%a4%a7%e9%a6%ac,/events/生命專車-35-大馬,,,,/events/生命專車-35-大馬
sitemap-only,,https://rsg.com.tw/events/%e4%bc%81%e6%a5%ad%e5%a4%96%e8%a8%93-26,/events/企業外訓-26,,,,/events/企業外訓-26
sitemap-only,,https://rsg.com.tw/events/%e7%94%9f%e5%91%bd%e5%b0%88%e8%bb%8a-38,/events/生命專車-38,,,,/events/生命專車-38
sitemap-only,,https://rsg.com.tw/events/%e5%85%a7%e5%9c%a8%e5%b0%8f%e5%ad%a9%e5%b7%a5%e4%bd%9c%e5%9d%8a-22,/events/內在小孩工作坊-22,,,,/events/內在小孩工作坊-22
sitemap-only,,https://rsg.com.tw/events/%e7%94%9f%e5%91%bd%e5%b0%88%e8%bb%8a-36,/events/生命專車-36,,,,/events/生命專車-36
sitemap-only,,https://rsg.com.tw/events/%e6%95%b8%e5%ad%97%e8%88%87%e7%99%82%e7%99%92-%e5%a4%a7%e9%a6%ac,/events/數字與療癒-大馬,,,,/events/數字與療癒-大馬
sitemap-only,,https://rsg.com.tw/events/%e9%97%9c%e4%bf%82%e8%88%87%e4%ba%ba%e7%94%9f-4-%e5%a4%a7%e9%a6%ac,/events/關係與人生-4-大馬,,,,/events/關係與人生-4-大馬
sitemap-only,,https://rsg.com.tw/events/%e5%85%a7%e5%9c%a8%e5%b0%8f%e5%ad%a9%e5%b7%a5%e4%bd%9c%e5%9d%8a-01-13-14,/events/內在小孩工作坊-01-13-14,,,,/events/內在小孩工作坊-01-13-14
sitemap-only,,https://rsg.com.tw/events/%e4%bc%81%e6%a5%ad%e5%a4%96%e8%a8%93-25,/events/企業外訓-25,,,,/events/企業外訓-25
sitemap-only,,https://rsg.com.tw/events/%e7%94%9f%e5%91%bd%e5%b0%88%e8%bb%8a-02-24-25,/events/生命專車-02-24-25,,,,/events/生命專車-02-24-25
sitemap-only,,https://rsg.com.tw/events/%e5%bf%83%e6%b5%81%e5%85%ab%e9%80%b1%e7%b7%9a%e4%b8%8a%e5%be%ae%e8%aa%b2%e7%a8%8b-12-18,/events/心流八週線上微課程-12-18,,,,/events/心流八週線上微課程-12-18
sitemap-only,,https://rsg.com.tw/events/%e5%bf%83%e6%b5%81%e5%85%ab%e9%80%b1%e7%b7%9a%e4%b8%8a%e5%be%ae%e8%aa%b2%e7%a8%8b-12-04,/events/心流八週線上微課程-12-04,,,,/events/心流八週線上微課程-12-04
sitemap-only,,https://rsg.com.tw/events/%e5%bf%83%e6%b5%81%e5%85%ab%e9%80%b1%e7%b7%9a%e4%b8%8a%e5%be%ae%e8%aa%b2%e7%a8%8b-11-27,/events/心流八週線上微課程-11-27,,,,/events/心流八週線上微課程-11-27
sitemap-only,,https://rsg.com.tw/events/%e5%bf%83%e6%b5%81%e5%85%ab%e9%80%b1%e7%b7%9a%e4%b8%8a%e5%be%ae%e8%aa%b2%e7%a8%8b-11-20,/events/心流八週線上微課程-11-20,,,,/events/心流八週線上微課程-11-20
sitemap-only,,https://rsg.com.tw/events/9-12-%e8%87%aa%e5%b7%b1%e7%9a%84%e5%bf%83%e9%9d%88%e6%95%99%e7%b7%b4,/events/9-12-自己的心靈教練,,,,/events/9-12-自己的心靈教練
sitemap-only,,https://rsg.com.tw/events/10-25-%e8%87%aa%e5%b7%b1%e7%9a%84%e5%bf%83%e9%9d%88%e6%95%99%e7%b7%b4,/events/10-25-自己的心靈教練,,,,/events/10-25-自己的心靈教練
sitemap-only,,https://rsg.com.tw/events/12-23-12-25-%e5%85%a7%e5%9c%a8%e5%b0%8f%e5%ad%a9%e5%b7%a5%e4%bd%9c%e5%9d%8a-19,/events/12-23-12-25-內在小孩工作坊-19,,,,/events/12-23-12-25-內在小孩工作坊-19
sitemap-only,,https://rsg.com.tw/events/12-17-12-19-%e5%a4%a7%e9%a6%ac-%e7%94%9f%e5%91%bd%e5%b0%88%e8%bb%8a33,/events/12-17-12-19-大馬-生命專車33,,,,/events/12-17-12-19-大馬-生命專車33
sitemap-only,,https://rsg.com.tw/events/11-25-11-26-%e7%94%9f%e5%91%bd%e5%b0%88%e8%bb%8a32,/events/11-25-11-26-生命專車32,,,,/events/11-25-11-26-生命專車32
sitemap-only,,https://rsg.com.tw/events/10-15-17-%e5%a4%a7%e9%a6%ac%e7%94%9f%e5%91%bd%e5%b0%88%e8%bb%8a31,/events/10-15-17-大馬生命專車31,,,,/events/10-15-17-大馬生命專車31
sitemap-only,,https://rsg.com.tw/events/9-23-9-24-%e5%85%a7%e5%9c%a8%e5%b0%8f%e5%ad%a9%e5%b7%a5%e4%bd%9c%e5%9d%8a-18,/events/9-23-9-24-內在小孩工作坊-18,,,,/events/9-23-9-24-內在小孩工作坊-18
sitemap-only,,https://rsg.com.tw/events/11-29-%e8%87%aa%e5%b7%b1%e7%9a%84%e5%bf%83%e9%9d%88%e6%95%99%e7%b7%b4,/events/11-29-自己的心靈教練,,,,/events/11-29-自己的心靈教練
sitemap-only,,https://rsg.com.tw/events/11-22-%e8%87%aa%e5%b7%b1%e7%9a%84%e5%bf%83%e9%9d%88%e6%95%99%e7%b7%b4,/events/11-22-自己的心靈教練,,,,/events/11-22-自己的心靈教練
sitemap-only,,https://rsg.com.tw/events/11-15-%e8%87%aa%e5%b7%b1%e7%9a%84%e5%bf%83%e9%9d%88%e6%95%99%e7%b7%b4,/events/11-15-自己的心靈教練,,,,/events/11-15-自己的心靈教練
sitemap-only,,https://rsg.com.tw/events/11-9-%e8%87%aa%e5%b7%b1%e7%9a%84%e5%bf%83%e9%9d%88%e6%95%99%e7%b7%b4,/events/11-9-自己的心靈教練,,,,/events/11-9-自己的心靈教練
sitemap-only,,https://rsg.com.tw/events/11-1-%e8%87%aa%e5%b7%b1%e7%9a%84%e5%bf%83%e9%9d%88%e6%95%99%e7%b7%b4,/events/11-1-自己的心靈教練,,,,/events/11-1-自己的心靈教練
sitemap-only,,https://rsg.com.tw/events/10-19-%e8%87%aa%e5%b7%b1%e7%9a%84%e5%bf%83%e9%9d%88%e6%95%99%e7%b7%b4,/events/10-19-自己的心靈教練,,,,/events/10-19-自己的心靈教練
sitemap-only,,https://rsg.com.tw/events/10-4-%e8%87%aa%e5%b7%b1%e7%9a%84%e5%bf%83%e9%9d%88%e6%95%99%e7%b7%b4,/events/10-4-自己的心靈教練,,,,/events/10-4-自己的心靈教練
sitemap-only,,https://rsg.com.tw/events/9-27-%e8%87%aa%e5%b7%b1%e7%9a%84%e5%bf%83%e9%9d%88%e6%95%99%e7%b7%b4,/events/9-27-自己的心靈教練,,,,/events/9-27-自己的心靈教練
sitemap-only,,https://rsg.com.tw/events/9-20-%e8%87%aa%e5%b7%b1%e7%9a%84%e5%bf%83%e9%9d%88%e6%95%99%e7%b7%b4,/events/9-20-自己的心靈教練,,,,/events/9-20-自己的心靈教練
sitemap-only,,https://rsg.com.tw/events/9-6-%e8%87%aa%e5%b7%b1%e7%9a%84%e5%bf%83%e9%9d%88%e6%95%99%e7%b7%b4,/events/9-6-自己的心靈教練,,,,/events/9-6-自己的心靈教練
sitemap-only,,https://rsg.com.tw/events/12-20-12-22-%e5%a4%a7%e9%a6%ac-%e9%97%9c%e4%bf%82%e8%88%87%e4%ba%ba%e7%94%9f3,/events/12-20-12-22-大馬-關係與人生3,,,,/events/12-20-12-22-大馬-關係與人生3
sitemap-only,,https://rsg.com.tw/events/10-12-14-%e5%a4%a7%e9%a6%ac%e9%97%9c%e4%bf%82%e8%88%87%e4%ba%ba%e7%94%9f-2,/events/10-12-14-大馬關係與人生-2,,,,/events/10-12-14-大馬關係與人生-2
sitemap-only,,https://rsg.com.tw/events/8-15-8-17-%e5%a4%a7%e9%a6%ac%e7%94%9f%e5%91%bd%e5%b0%88%e8%bb%8a30,/events/8-15-8-17-大馬生命專車30,,,,/events/8-15-8-17-大馬生命專車30
sitemap-only,,https://rsg.com.tw/events/8-14-%e5%a4%a7%e9%a6%ac-%e6%95%b8%e5%ad%97%e7%99%82%e7%99%92,/events/8-14-大馬-數字療癒,,,,/events/8-14-大馬-數字療癒
sitemap-only,,https://rsg.com.tw/events/8-11-8-13-%e5%a4%a7%e9%a6%ac%e9%97%9c%e4%bf%82%e8%88%87%e4%ba%ba%e7%94%9f-1,/events/8-11-8-13-大馬關係與人生-1,,,,/events/8-11-8-13-大馬關係與人生-1
sitemap-only,,https://rsg.com.tw/events/8-5-8-6-%e7%94%9f%e5%91%bd%e5%b0%88%e8%bb%8a29,/events/8-5-8-6-生命專車29,,,,/events/8-5-8-6-生命專車29
sitemap-only,,https://rsg.com.tw/events/%e7%94%9f%e6%b4%bb%e6%bc%ab%e8%81%8a-%e7%99%82%e5%bf%83%e4%ba%8b-1,/events/生活漫聊-療心事-1,,,,/events/生活漫聊-療心事-1
sitemap-only,,https://rsg.com.tw/events/%e4%ba%8c%e6%97%a5%e6%bc%ab%e6%b4%bb%e7%87%9f2023-61-62,/events/二日漫活營2023-61-62,,,,/events/二日漫活營2023-61-62
sitemap-only,,https://rsg.com.tw/events/%e7%94%9f%e5%91%bd%e5%b0%88%e8%bb%8a%e5%b7%a5%e4%bd%9c%e5%9d%8a-28,/events/生命專車工作坊-28,,,,/events/生命專車工作坊-28
sitemap-only,,https://rsg.com.tw/events/%e9%9d%9c%e5%bf%83%e8%a7%80%e7%85%a7%e5%b7%a5%e4%bd%9c%e5%9d%8a-%e5%a4%a7%e9%a6%ac,/events/靜心觀照工作坊-大馬,,,,/events/靜心觀照工作坊-大馬
sitemap-only,,https://rsg.com.tw/events/%e5%8d%94%e8%ab%87%e5%b8%ab%e5%9f%b9%e8%a8%93-%e5%a4%a7%e9%a6%ac,/events/協談師培訓-大馬,,,,/events/協談師培訓-大馬
sitemap-only,,https://rsg.com.tw/events/%e6%84%8f%e8%ad%98%e8%a6%ba%e9%86%92%e5%b7%a5%e4%bd%9c%e5%9d%8a-%e5%a4%a7%e9%a6%ac,/events/意識覺醒工作坊-大馬,,,,/events/意識覺醒工作坊-大馬
sitemap-only,,https://rsg.com.tw/events/%e4%bc%81%e6%a5%ad%e5%a4%96%e8%a8%93-24,/events/企業外訓-24,,,,/events/企業外訓-24
sitemap-only,,https://rsg.com.tw/events/%e4%bc%81%e6%a5%ad%e5%a4%96%e8%a8%93-23,/events/企業外訓-23,,,,/events/企業外訓-23
sitemap-only,,https://rsg.com.tw/events/%e4%bc%81%e6%a5%ad%e5%a4%96%e8%a8%93-22,/events/企業外訓-22,,,,/events/企業外訓-22
sitemap-only,,https://rsg.com.tw/events/%e4%bc%81%e6%a5%ad%e5%a4%96%e8%a8%93-21,/events/企業外訓-21,,,,/events/企業外訓-21
sitemap-only,,https://rsg.com.tw/events/%e6%88%90%e7%82%ba%e8%87%aa%e5%b7%b1%e7%9a%84%e5%bf%83%e9%9d%88%e6%95%99%e7%b7%b4-%e7%b7%9a%e4%b8%8a%e8%aa%b2-4-20,/events/成為自己的心靈教練-線上課-4-20,,,,/events/成為自己的心靈教練-線上課-4-20
sitemap-only,,https://rsg.com.tw/events/%e6%88%90%e7%82%ba%e8%87%aa%e5%b7%b1%e7%9a%84%e5%bf%83%e9%9d%88%e6%95%99%e7%b7%b4-%e7%b7%9a%e4%b8%8a%e8%aa%b2-531,/events/成為自己的心靈教練-線上課-531,,,,/events/成為自己的心靈教練-線上課-531
sitemap-only,,https://rsg.com.tw/events/%e7%94%9f%e5%91%bd%e5%b0%88%e8%bb%8a27,/events/生命專車27,,,,/events/生命專車27
sitemap-only,,https://rsg.com.tw/events/%e6%88%90%e7%82%ba%e8%87%aa%e5%b7%b1%e7%9a%84%e5%bf%83%e9%9d%88%e6%95%99%e7%b7%b4-%e7%b7%9a%e4%b8%8a%e8%aa%b2-621,/events/成為自己的心靈教練-線上課-621,,,,/events/成為自己的心靈教練-線上課-621
sitemap-only,,https://rsg.com.tw/events/%e6%88%90%e7%82%ba%e8%87%aa%e5%b7%b1%e7%9a%84%e5%bf%83%e9%9d%88%e6%95%99%e7%b7%b4-%e7%b7%9a%e4%b8%8a%e8%aa%b2-614,/events/成為自己的心靈教練-線上課-614,,,,/events/成為自己的心靈教練-線上課-614
sitemap-only,,https://rsg.com.tw/events/%e6%88%90%e7%82%ba%e8%87%aa%e5%b7%b1%e7%9a%84%e5%bf%83%e9%9d%88%e6%95%99%e7%b7%b4-%e7%b7%9a%e4%b8%8a%e8%aa%b2-607,/events/成為自己的心靈教練-線上課-607,,,,/events/成為自己的心靈教練-線上課-607
sitemap-only,,https://rsg.com.tw/events/%e6%88%90%e7%82%ba%e8%87%aa%e5%b7%b1%e7%9a%84%e5%bf%83%e9%9d%88%e6%95%99%e7%b7%b4-%e7%b7%9a%e4%b8%8a%e8%aa%b2-524,/events/成為自己的心靈教練-線上課-524,,,,/events/成為自己的心靈教練-線上課-524
sitemap-only,,https://rsg.com.tw/events/%e6%88%90%e7%82%ba%e8%87%aa%e5%b7%b1%e7%9a%84%e5%bf%83%e9%9d%88%e6%95%99%e7%b7%b4-%e7%b7%9a%e4%b8%8a%e8%aa%b2-510,/events/成為自己的心靈教練-線上課-510,,,,/events/成為自己的心靈教練-線上課-510
sitemap-only,,https://rsg.com.tw/events/%e6%88%90%e7%82%ba%e8%87%aa%e5%b7%b1%e7%9a%84%e5%bf%83%e9%9d%88%e6%95%99%e7%b7%b4-%e7%b7%9a%e4%b8%8a%e8%aa%b2-503,/events/成為自己的心靈教練-線上課-503,,,,/events/成為自己的心靈教練-線上課-503
sitemap-only,,https://rsg.com.tw/events/%e6%88%90%e7%82%ba%e8%87%aa%e5%b7%b1%e7%9a%84%e5%bf%83%e9%9d%88%e6%95%99%e7%b7%b4-%e7%b7%9a%e4%b8%8a%e8%aa%b2-426,/events/成為自己的心靈教練-線上課-426,,,,/events/成為自己的心靈教練-線上課-426
sitemap-only,,https://rsg.com.tw/events/%e6%88%90%e7%82%ba%e8%87%aa%e5%b7%b1%e7%9a%84%e5%bf%83%e9%9d%88%e6%95%99%e7%b7%b4-%e7%b7%9a%e4%b8%8a%e8%aa%b2-412,/events/成為自己的心靈教練-線上課-412,,,,/events/成為自己的心靈教練-線上課-412
sitemap-only,,https://rsg.com.tw/events/%e6%88%90%e7%82%ba%e8%87%aa%e5%b7%b1%e7%9a%84%e5%bf%83%e9%9d%88%e6%95%99%e7%b7%b4-%e7%b7%9a%e4%b8%8a%e8%aa%b2-322,/events/成為自己的心靈教練-線上課-322,,,,/events/成為自己的心靈教練-線上課-322
sitemap-only,,https://rsg.com.tw/events/%e6%88%90%e7%82%ba%e8%87%aa%e5%b7%b1%e7%9a%84%e5%bf%83%e9%9d%88%e6%95%99%e7%b7%b4-%e7%b7%9a%e4%b8%8a%e8%aa%b2-3-29,/events/成為自己的心靈教練-線上課-3-29,,,,/events/成為自己的心靈教練-線上課-3-29
sitemap-only,,https://rsg.com.tw/events/%e8%a7%a3%e9%96%8b%e7%94%9f%e5%91%bd%e4%b8%ad%e7%9a%84%e6%9c%a8%e9%a6%ac%e7%a8%8b%e5%bc%8f415,/events/解開生命中的木馬程式415,,,,/events/解開生命中的木馬程式415
sitemap-only,,https://rsg.com.tw/events/%e7%94%9f%e5%91%bd%e5%b0%88%e8%bb%8a26,/events/生命專車26,,,,/events/生命專車26
sitemap-only,,https://rsg.com.tw/events/%e8%aa%8d%e8%ad%98%e8%87%aa%e5%b7%b1%e6%b4%bb%e5%87%ba%e7%be%8e%e5%a5%bd-%e5%b7%a5%e4%bd%9c%e5%9d%8a-%e7%ac%ac%e4%b8%80%e9%9a%8e%e6%ae%b5,/events/認識自己活出美好-工作坊-第一階段,,,,/events/認識自己活出美好-工作坊-第一階段
sitemap-only,,https://rsg.com.tw/events/%e4%bc%81%e6%a5%ad%e5%a4%96%e8%a8%93-20,/events/企業外訓-20,,,,/events/企業外訓-20
sitemap-only,,https://rsg.com.tw/events/%e5%a6%82%e4%bd%95%e7%9c%8b%e6%87%82%e5%8f%8a%e6%94%af%e6%8c%81%e4%bd%a0%e7%9a%84%e5%ad%a9%e5%ad%90%e5%a4%a7%e9%a6%ac,/events/如何看懂及支持你的孩子大馬,,,,/events/如何看懂及支持你的孩子大馬
sitemap-only,,https://rsg.com.tw/events/%e7%94%9f%e5%91%bd%e5%b0%88%e8%bb%8a25,/events/生命專車25,,,,/events/生命專車25
sitemap-only,,https://rsg.com.tw/events/%e8%a7%a3%e9%96%8b%e7%94%9f%e5%91%bd%e4%b8%ad%e7%9a%84%e6%9c%a8%e9%a6%ac%e7%a8%8b%e5%bc%8f2-4,/events/解開生命中的木馬程式2-4,,,,/events/解開生命中的木馬程式2-4
sitemap-only,,https://rsg.com.tw/events/%e8%a7%a3%e9%96%8b%e7%94%9f%e5%91%bd%e4%b8%ad%e7%9a%84%e6%9c%a8%e9%a6%ac%e7%a8%8b%e5%bc%8f-12-3-%e5%a4%a7%e9%a6%ac,/events/解開生命中的木馬程式-12-3-大馬,,,,/events/解開生命中的木馬程式-12-3-大馬
sitemap-only,,https://rsg.com.tw/events/%e8%a7%a3%e9%96%8b%e7%94%9f%e5%91%bd%e4%b8%ad%e7%9a%84%e6%9c%a8%e9%a6%ac%e7%a8%8b%e5%bc%8f-12-9-%e5%8c%85%e7%8f%ad,/events/解開生命中的木馬程式-12-9-包班,,,,/events/解開生命中的木馬程式-12-9-包班
sitemap-only,,https://rsg.com.tw/events/%e6%88%90%e7%82%ba%e8%87%aa%e5%b7%b1%e7%9a%84%e5%bf%83%e9%9d%88%e6%95%99%e7%b7%b4-%e7%b7%9a%e4%b8%8a%e8%aa%b2-2-15,/events/成為自己的心靈教練-線上課-2-15,,,,/events/成為自己的心靈教練-線上課-2-15
sitemap-only,,https://rsg.com.tw/events/%e6%88%90%e7%82%ba%e8%87%aa%e5%b7%b1%e7%9a%84%e5%bf%83%e9%9d%88%e6%95%99%e7%b7%b4-%e7%b7%9a%e4%b8%8a%e8%aa%b2-2-8,/events/成為自己的心靈教練-線上課-2-8,,,,/events/成為自己的心靈教練-線上課-2-8
sitemap-only,,https://rsg.com.tw/events/%e6%88%90%e7%82%ba%e8%87%aa%e5%b7%b1%e7%9a%84%e5%bf%83%e9%9d%88%e6%95%99%e7%b7%b4-%e7%b7%9a%e4%b8%8a%e8%aa%b2-2-1,/events/成為自己的心靈教練-線上課-2-1,,,,/events/成為自己的心靈教練-線上課-2-1
sitemap-only,,https://rsg.com.tw/events/%e6%88%90%e7%82%ba%e8%87%aa%e5%b7%b1%e7%9a%84%e5%bf%83%e9%9d%88%e6%95%99%e7%b7%b4-%e7%b7%9a%e4%b8%8a%e8%aa%b2-1-18,/events/成為自己的心靈教練-線上課-1-18,,,,/events/成為自己的心靈教練-線上課-1-18
sitemap-only,,https://rsg.com.tw/events/%e6%88%90%e7%82%ba%e8%87%aa%e5%b7%b1%e7%9a%84%e5%bf%83%e9%9d%88%e6%95%99%e7%b7%b4-%e7%b7%9a%e4%b8%8a%e8%aa%b2-1-11,/events/成為自己的心靈教練-線上課-1-11,,,,/events/成為自己的心靈教練-線上課-1-11
sitemap-only,,https://rsg.com.tw/events/%e6%88%90%e7%82%ba%e8%87%aa%e5%b7%b1%e7%9a%84%e5%bf%83%e9%9d%88%e6%95%99%e7%b7%b4-%e7%b7%9a%e4%b8%8a%e8%aa%b2-1-4,/events/成為自己的心靈教練-線上課-1-4,,,,/events/成為自己的心靈教練-線上課-1-4
sitemap-only,,https://rsg.com.tw/events/%e6%88%90%e7%82%ba%e8%87%aa%e5%b7%b1%e7%9a%84%e5%bf%83%e9%9d%88%e6%95%99%e7%b7%b4-%e7%b7%9a%e4%b8%8a%e8%aa%b2-12-28,/events/成為自己的心靈教練-線上課-12-28,,,,/events/成為自己的心靈教練-線上課-12-28
sitemap-only,,https://rsg.com.tw/events/%e6%88%90%e7%82%ba%e8%87%aa%e5%b7%b1%e7%9a%84%e5%bf%83%e9%9d%88%e6%95%99%e7%b7%b4-%e7%b7%9a%e4%b8%8a%e8%aa%b2-12-21,/events/成為自己的心靈教練-線上課-12-21,,,,/events/成為自己的心靈教練-線上課-12-21
sitemap-only,,https://rsg.com.tw/events/%e6%88%90%e7%82%ba%e8%87%aa%e5%b7%b1%e7%9a%84%e5%bf%83%e9%9d%88%e6%95%99%e7%b7%b4-%e7%b7%9a%e4%b8%8a%e8%aa%b2-12-14,/events/成為自己的心靈教練-線上課-12-14,,,,/events/成為自己的心靈教練-線上課-12-14
sitemap-only,,https://rsg.com.tw/events/%e6%88%90%e7%82%ba%e8%87%aa%e5%b7%b1%e7%9a%84%e5%bf%83%e9%9d%88%e6%95%99%e7%b7%b4-%e7%b7%9a%e4%b8%8a%e8%aa%b2-1207,/events/成為自己的心靈教練-線上課-1207,,,,/events/成為自己的心靈教練-線上課-1207
sitemap-only,,https://rsg.com.tw/events/%e6%88%90%e7%82%ba%e8%87%aa%e5%b7%b1%e7%9a%84%e5%bf%83%e9%9d%88%e6%95%99%e7%b7%b4-%e7%b7%9a%e4%b8%8a%e8%aa%b2-11-30,/events/成為自己的心靈教練-線上課-11-30,,,,/events/成為自己的心靈教練-線上課-11-30
sitemap-only,,https://rsg.com.tw/events/%e6%88%90%e7%82%ba%e8%87%aa%e5%b7%b1%e7%9a%84%e5%bf%83%e9%9d%88%e6%95%99%e7%b7%b4-%e7%b7%9a%e4%b8%8a%e8%aa%b2-11-23,/events/成為自己的心靈教練-線上課-11-23,,,,/events/成為自己的心靈教練-線上課-11-23
sitemap-only,,https://rsg.com.tw/events/%e4%bc%81%e6%a5%ad%e5%a4%96%e8%a8%93-19,/events/企業外訓-19,,,,/events/企業外訓-19
sitemap-only,,https://rsg.com.tw/events/%e5%a6%82%e4%bd%95%e7%9c%8b%e6%87%82%e5%8f%8a%e6%94%af%e6%8c%81%e4%bd%a0%e7%9a%84%e5%ad%a9%e5%ad%90%e5%8c%85%e7%8f%ad-1217,/events/如何看懂及支持你的孩子包班-1217,,,,/events/如何看懂及支持你的孩子包班-1217
sitemap-only,,https://rsg.com.tw/events/%e5%a6%82%e4%bd%95%e7%9c%8b%e6%87%82%e5%8f%8a%e6%94%af%e6%8c%81%e4%bd%a0%e7%9a%84%e5%ad%a9%e5%ad%90%e5%8c%85%e7%8f%ad,/events/如何看懂及支持你的孩子包班,,,,/events/如何看懂及支持你的孩子包班
sitemap-only,,https://rsg.com.tw/events/%e4%b8%80%e6%97%a5%e5%b7%a5%e4%bd%9c%e5%9d%8a-%e8%a7%a3%e9%96%8b%e7%94%9f%e5%91%bd%e4%b8%ad%e7%9a%84%e6%9c%a8%e9%a6%ac%e7%a8%8b%e5%bc%8f-1119,/events/一日工作坊-解開生命中的木馬程式-1119,,,,/events/一日工作坊-解開生命中的木馬程式-1119
sitemap-only,,https://rsg.com.tw/events/%e4%b8%80%e6%97%a5%e5%b7%a5%e4%bd%9c%e5%9d%8a-%e8%a7%a3%e9%96%8b%e7%94%9f%e5%91%bd%e4%b8%ad%e7%9a%84%e6%9c%a8%e9%a6%ac%e7%a8%8b%e5%bc%8f,/events/一日工作坊-解開生命中的木馬程式,,,,/events/一日工作坊-解開生命中的木馬程式
sitemap-only,,https://rsg.com.tw/events/%e7%94%9f%e5%91%bd%e5%b0%88%e8%bb%8a22,/events/生命專車22,,,,/events/生命專車22
sitemap-only,,https://rsg.com.tw/events/%e7%94%9f%e5%91%bd%e5%b0%88%e8%bb%8a23,/events/生命專車23,,,,/events/生命專車23
sitemap-only,,https://rsg.com.tw/events/%e7%94%9f%e5%91%bd%e5%b0%88%e8%bb%8a24,/events/生命專車24,,,,/events/生命專車24
sitemap-only,,https://rsg.com.tw/events/%e5%a4%a7%e5%9c%b0%e4%b9%8b%e6%97%85-9-019-02,/events/大地之旅-9-019-02,,,,/events/大地之旅-9-019-02
sitemap-only,,https://rsg.com.tw/events/%e7%94%9f%e5%91%bd%e5%b0%88%e8%bb%8a21,/events/生命專車21,,,,/events/生命專車21
sitemap-only,,https://rsg.com.tw/events/%e8%aa%8d%e8%ad%98%e8%87%aa%e5%b7%b1-%e6%b4%bb%e5%87%ba%e7%be%8e%e5%a5%bd-%e5%b7%a5%e4%bd%9c%e5%9d%8a,/events/認識自己-活出美好-工作坊,,,,/events/認識自己-活出美好-工作坊
sitemap-only,,https://rsg.com.tw/events/%e6%a4%8d%e7%89%a9%e7%99%82%e7%99%92-07-16,/events/植物療癒-07-16,,,,/events/植物療癒-07-16
sitemap-only,,https://rsg.com.tw/events/%e6%a4%8d%e7%89%a9%e7%99%82%e7%99%92-07-09,/events/植物療癒-07-09,,,,/events/植物療癒-07-09
sitemap-only,,https://rsg.com.tw/events/%e6%a4%8d%e7%89%a9%e7%99%82%e7%99%926-01,/events/植物療癒6-01,,,,/events/植物療癒6-01
sitemap-only,,https://rsg.com.tw/events/%e6%a4%8d%e7%89%a9%e8%8a%b3%e7%99%825-24,/events/植物芳療5-24,,,,/events/植物芳療5-24
sitemap-only,,https://rsg.com.tw/events/%e5%a4%a7%e5%9c%b0%e4%b9%8b%e6%97%85-7-287-29,/events/大地之旅-7-287-29,,,,/events/大地之旅-7-287-29
sitemap-only,,https://rsg.com.tw/events/%e5%a4%a7%e5%9c%b0%e4%b9%8b%e6%97%85,/events/大地之旅,,,,/events/大地之旅
sitemap-only,,https://rsg.com.tw/events/%e6%b4%bb%e5%87%ba%e8%a7%92%e8%89%b271,/events/活出角色71,,,,/events/活出角色71
sitemap-only,,https://rsg.com.tw/events/2022%e5%bf%83%e6%96%b9%e5%90%91-2,/events/2022心方向-2,,,,/events/2022心方向-2
sitemap-only,,https://rsg.com.tw/events/3-11%e5%88%86%e4%ba%ab%e9%ab%94%e9%a9%97%e6%9c%83,/events/3-11分享體驗會,,,,/events/3-11分享體驗會
sitemap-only,,https://rsg.com.tw/events/%e4%bc%81%e6%a5%ad%e5%a4%96%e8%a8%93-18,/events/企業外訓-18,,,,/events/企業外訓-18
sitemap-only,,https://rsg.com.tw/events/%e4%bc%81%e6%a5%ad%e5%a4%96%e8%a8%93-17,/events/企業外訓-17,,,,/events/企業外訓-17
sitemap-only,,https://rsg.com.tw/events/%e5%9c%92%e4%b8%81%e9%80%b2%e4%bf%ae%e7%87%9f-8,/events/園丁進修營-8,,,,/events/園丁進修營-8
sitemap-only,,https://rsg.com.tw/events/%e9%97%9c%e4%bf%82%e5%b7%a5%e4%bd%9c%e5%9d%8a176,/events/關係工作坊176,,,,/events/關係工作坊176
sitemap-only,,https://rsg.com.tw/events/%e4%bc%81%e6%a5%ad%e5%a4%96%e8%a8%93-16,/events/企業外訓-16,,,,/events/企業外訓-16
sitemap-only,,https://rsg.com.tw/events/%e5%9c%92%e4%b8%81%e9%80%b2%e4%bf%ae%e7%87%9f-4,/events/園丁進修營-4,,,,/events/園丁進修營-4
sitemap-only,,https://rsg.com.tw/events/%e5%9c%92%e4%b8%81%e9%80%b2%e4%bf%ae%e7%87%9f-7,/events/園丁進修營-7,,,,/events/園丁進修營-7
sitemap-only,,https://rsg.com.tw/events/%e6%89%93%e9%96%8b%e8%b2%a1%e5%af%8c%e5%8d%b0%e8%a8%98%e7%9a%847%e5%a0%82%e8%aa%b2%e7%b7%9a%e4%b8%8a%e8%aa%b2%e7%a8%8b-6,/events/打開財富印記的7堂課線上課程-6,,,,/events/打開財富印記的7堂課線上課程-6
sitemap-only,,https://rsg.com.tw/events/%e6%89%93%e9%96%8b%e8%b2%a1%e5%af%8c%e5%8d%b0%e8%a8%98%e7%9a%847%e5%a0%82%e8%aa%b2%e7%b7%9a%e4%b8%8a%e8%aa%b2%e7%a8%8b-5,/events/打開財富印記的7堂課線上課程-5,,,,/events/打開財富印記的7堂課線上課程-5
sitemap-only,,https://rsg.com.tw/events/%e6%89%93%e9%96%8b%e8%b2%a1%e5%af%8c%e5%8d%b0%e8%a8%98%e7%9a%847%e5%a0%82%e8%aa%b2%e7%b7%9a%e4%b8%8a%e8%aa%b2%e7%a8%8b-7,/events/打開財富印記的7堂課線上課程-7,,,,/events/打開財富印記的7堂課線上課程-7
sitemap-only,,https://rsg.com.tw/events/%e6%89%93%e9%96%8b%e8%b2%a1%e5%af%8c%e5%8d%b0%e8%a8%98%e7%9a%847%e5%a0%82%e8%aa%b2%e7%b7%9a%e4%b8%8a%e8%aa%b2%e7%a8%8b-4,/events/打開財富印記的7堂課線上課程-4,,,,/events/打開財富印記的7堂課線上課程-4
sitemap-only,,https://rsg.com.tw/events/%e6%89%93%e9%96%8b%e8%b2%a1%e5%af%8c%e5%8d%b0%e8%a8%98%e7%9a%847%e5%a0%82%e8%aa%b2%e7%b7%9a%e4%b8%8a%e8%aa%b2%e7%a8%8b-3,/events/打開財富印記的7堂課線上課程-3,,,,/events/打開財富印記的7堂課線上課程-3
sitemap-only,,https://rsg.com.tw/events/%e6%89%93%e9%96%8b%e8%b2%a1%e5%af%8c%e5%8d%b0%e8%a8%98%e7%9a%847%e5%a0%82%e8%aa%b2%e7%b7%9a%e4%b8%8a%e8%aa%b2%e7%a8%8b-2,/events/打開財富印記的7堂課線上課程-2,,,,/events/打開財富印記的7堂課線上課程-2
sitemap-only,,https://rsg.com.tw/events/%e6%89%93%e9%96%8b%e8%b2%a1%e5%af%8c%e5%8d%b0%e8%a8%98%e7%9a%847%e5%a0%82%e8%aa%b2%e7%b7%9a%e4%b8%8a%e8%aa%b2%e7%a8%8b1,/events/打開財富印記的7堂課線上課程1,,,,/events/打開財富印記的7堂課線上課程1
sitemap-only,,https://rsg.com.tw/events/%e9%97%9c%e4%bf%82%e5%b7%a5%e4%bd%9c%e5%9d%8a177,/events/關係工作坊177,,,,/events/關係工作坊177
sitemap-only,,https://rsg.com.tw/events/%e4%bc%81%e6%a5%ad%e5%a4%96%e8%a8%93-15,/events/企業外訓-15,,,,/events/企業外訓-15
sitemap-only,,https://rsg.com.tw/events/%e7%94%9f%e5%91%bd%e5%b0%88%e8%bb%8a20,/events/生命專車20,,,,/events/生命專車20
sitemap-only,,https://rsg.com.tw/events/%e7%94%9f%e5%91%bd%e5%b0%88%e8%bb%8a19,/events/生命專車19,,,,/events/生命專車19
sitemap-only,,https://rsg.com.tw/events/%e7%94%9f%e5%91%bd%e5%b0%88%e8%bb%8a18,/events/生命專車18,,,,/events/生命專車18
sitemap-only,,https://rsg.com.tw/events/%e8%b1%90%e7%9b%9b%e8%87%b4%e5%af%8c%e5%b7%a5%e4%bd%9c%e5%9d%8a4,/events/豐盛致富工作坊4,,,,/events/豐盛致富工作坊4
sitemap-only,,https://rsg.com.tw/events/2021%e6%84%9f%e6%81%a9%e8%8c%b6%e6%9c%83,/events/2021感恩茶會,,,,/events/2021感恩茶會
sitemap-only,,https://rsg.com.tw/events/%e8%a6%aa%e5%af%86%e9%97%9c%e4%bf%82%e7%9a%8412%e5%a0%82%e8%aa%b2-12,/events/親密關係的12堂課-12,,,,/events/親密關係的12堂課-12
sitemap-only,,https://rsg.com.tw/events/%e8%a6%aa%e5%af%86%e9%97%9c%e4%bf%82%e7%9a%8412%e5%a0%82%e8%aa%b2-11,/events/親密關係的12堂課-11,,,,/events/親密關係的12堂課-11
sitemap-only,,https://rsg.com.tw/events/%e8%a6%aa%e5%af%86%e9%97%9c%e4%bf%82%e7%9a%8412%e5%a0%82%e8%aa%b2-10,/events/親密關係的12堂課-10,,,,/events/親密關係的12堂課-10
sitemap-only,,https://rsg.com.tw/events/%e8%a6%aa%e5%af%86%e9%97%9c%e4%bf%82%e7%9a%8412%e5%a0%82%e8%aa%b2-9,/events/親密關係的12堂課-9,,,,/events/親密關係的12堂課-9
sitemap-only,,https://rsg.com.tw/events/%e8%a6%aa%e5%af%86%e9%97%9c%e4%bf%82%e7%9a%8412%e5%a0%82%e8%aa%b2-8,/events/親密關係的12堂課-8,,,,/events/親密關係的12堂課-8
sitemap-only,,https://rsg.com.tw/events/%e8%a6%aa%e5%af%86%e9%97%9c%e4%bf%82%e7%9a%8412%e5%a0%82%e8%aa%b2-7,/events/親密關係的12堂課-7,,,,/events/親密關係的12堂課-7
sitemap-only,,https://rsg.com.tw/events/%e8%a6%aa%e5%af%86%e9%97%9c%e4%bf%82%e7%9a%8412%e5%a0%82%e8%aa%b2-6,/events/親密關係的12堂課-6,,,,/events/親密關係的12堂課-6
sitemap-only,,https://rsg.com.tw/events/%e8%a6%aa%e5%af%86%e9%97%9c%e4%bf%82%e7%9a%8412%e5%a0%82%e8%aa%b2-5,/events/親密關係的12堂課-5,,,,/events/親密關係的12堂課-5
sitemap-only,,https://rsg.com.tw/events/%e8%a6%aa%e5%af%86%e9%97%9c%e4%bf%82%e7%9a%8412%e5%a0%82%e8%aa%b2-4,/events/親密關係的12堂課-4,,,,/events/親密關係的12堂課-4
sitemap-only,,https://rsg.com.tw/events/%e8%a6%aa%e5%af%86%e9%97%9c%e4%bf%82%e7%9a%8412%e5%a0%82%e8%aa%b2-3,/events/親密關係的12堂課-3,,,,/events/親密關係的12堂課-3
sitemap-only,,https://rsg.com.tw/events/2022%e5%bf%83%e6%96%b9%e5%90%91,/events/2022心方向,,,,/events/2022心方向
sitemap-only,,https://rsg.com.tw/events/%e9%82%84%e6%88%91%e6%9c%ac%e4%be%86%e9%9d%a2%e7%9b%ae-%e7%94%9f%e5%91%bd%e5%af%a6%e7%9b%b8-1,/events/還我本來面目-生命實相-1,,,,/events/還我本來面目-生命實相-1
sitemap-only,,https://rsg.com.tw/events/%e7%94%9f%e5%91%bd%e5%b0%88%e8%bb%8a17,/events/生命專車17,,,,/events/生命專車17
sitemap-only,,https://rsg.com.tw/events/%e8%aa%b2%e7%a8%8b%e9%ab%94%e9%a9%97%e6%9c%83-7,/events/課程體驗會-7,,,,/events/課程體驗會-7
sitemap-only,,https://rsg.com.tw/events/%e8%a6%aa%e5%af%86%e9%97%9c%e4%bf%82%e7%9a%8412%e5%a0%82%e8%aa%b2-2,/events/親密關係的12堂課-2,,,,/events/親密關係的12堂課-2
sitemap-only,,https://rsg.com.tw/events/%e8%a6%aa%e5%af%86%e9%97%9c%e4%bf%82%e7%9a%8412%e5%a0%82%e8%aa%b2-1,/events/親密關係的12堂課-1,,,,/events/親密關係的12堂課-1
sitemap-only,,https://rsg.com.tw/events/%e5%85%a7%e5%9c%a8%e5%b0%8f%e5%ad%a9%e7%99%82%e7%99%92%e7%9a%8412%e5%a0%82%e8%aa%b2,/events/內在小孩療癒的12堂課,,,,/events/內在小孩療癒的12堂課
sitemap-only,,https://rsg.com.tw/events/%e5%85%a7%e5%9c%a8%e5%b0%8f%e5%ad%a9%e7%99%82%e7%99%92%e7%9a%8412%e5%a0%82%e8%aa%b2-2,/events/內在小孩療癒的12堂課-2,,,,/events/內在小孩療癒的12堂課-2
sitemap-only,,https://rsg.com.tw/events/%e5%85%a7%e5%9c%a8%e5%b0%8f%e5%ad%a9%e7%99%82%e7%99%92%e7%9a%8412%e5%a0%82%e8%aa%b2-3,/events/內在小孩療癒的12堂課-3,,,,/events/內在小孩療癒的12堂課-3
sitemap-only,,https://rsg.com.tw/events/%e5%85%a7%e5%9c%a8%e5%b0%8f%e5%ad%a9%e7%99%82%e7%99%92%e7%9a%8412%e5%a0%82%e8%aa%b2-4,/events/內在小孩療癒的12堂課-4,,,,/events/內在小孩療癒的12堂課-4
sitemap-only,,https://rsg.com.tw/events/%e5%85%a7%e5%9c%a8%e5%b0%8f%e5%ad%a9%e7%99%82%e7%99%92%e7%9a%8412%e5%a0%82%e8%aa%b2-5,/events/內在小孩療癒的12堂課-5,,,,/events/內在小孩療癒的12堂課-5
sitemap-only,,https://rsg.com.tw/events/%e5%85%a7%e5%9c%a8%e5%b0%8f%e5%ad%a9%e7%99%82%e7%99%92%e7%9a%8412%e5%a0%82%e8%aa%b2-6,/events/內在小孩療癒的12堂課-6,,,,/events/內在小孩療癒的12堂課-6
sitemap-only,,https://rsg.com.tw/events/%e5%85%a7%e5%9c%a8%e5%b0%8f%e5%ad%a9%e7%99%82%e7%99%92%e7%9a%8412%e5%a0%82%e8%aa%b2-7,/events/內在小孩療癒的12堂課-7,,,,/events/內在小孩療癒的12堂課-7
sitemap-only,,https://rsg.com.tw/events/%e5%85%a7%e5%9c%a8%e5%b0%8f%e5%ad%a9%e7%99%82%e7%99%92%e7%9a%8412%e5%a0%82%e8%aa%b2-8,/events/內在小孩療癒的12堂課-8,,,,/events/內在小孩療癒的12堂課-8
sitemap-only,,https://rsg.com.tw/events/%e5%85%a7%e5%9c%a8%e5%b0%8f%e5%ad%a9%e7%99%82%e7%99%92%e7%9a%8412%e5%a0%82%e8%aa%b2-9,/events/內在小孩療癒的12堂課-9,,,,/events/內在小孩療癒的12堂課-9
sitemap-only,,https://rsg.com.tw/events/%e5%85%a7%e5%9c%a8%e5%b0%8f%e5%ad%a9%e7%99%82%e7%99%92%e7%9a%8412%e5%a0%82%e8%aa%b2-10,/events/內在小孩療癒的12堂課-10,,,,/events/內在小孩療癒的12堂課-10
sitemap-only,,https://rsg.com.tw/events/%e5%85%a7%e5%9c%a8%e5%b0%8f%e5%ad%a9%e7%99%82%e7%99%92%e7%9a%8412%e5%a0%82%e8%aa%b2-11,/events/內在小孩療癒的12堂課-11,,,,/events/內在小孩療癒的12堂課-11
sitemap-only,,https://rsg.com.tw/events/%e5%85%a7%e5%9c%a8%e5%b0%8f%e5%ad%a9%e7%99%82%e7%99%92%e7%9a%8412%e5%a0%82%e8%aa%b2-12,/events/內在小孩療癒的12堂課-12,,,,/events/內在小孩療癒的12堂課-12
sitemap-only,,https://rsg.com.tw/events/%e8%aa%b2%e7%a8%8b%e9%ab%94%e9%a9%97%e6%9c%83-5,/events/課程體驗會-5,,,,/events/課程體驗會-5
sitemap-only,,https://rsg.com.tw/events/%e8%aa%b2%e7%a8%8b%e9%ab%94%e9%a9%97%e6%9c%83-6,/events/課程體驗會-6,,,,/events/課程體驗會-6
sitemap-only,,https://rsg.com.tw/events/%e3%80%90%e7%94%9f%e5%91%bd%e8%88%87%e6%95%b8%e5%ad%97%e3%80%91-3,/events/【生命與數字】-3,,,,/events/【生命與數字】-3
sitemap-only,,https://rsg.com.tw/events/%e3%80%90%e7%94%9f%e5%91%bd%e8%88%87%e6%95%b8%e5%ad%97%e3%80%91-2,/events/【生命與數字】-2,,,,/events/【生命與數字】-2
sitemap-only,,https://rsg.com.tw/events/%e3%80%90%e7%94%9f%e5%91%bd%e8%88%87%e6%95%b8%e5%ad%97%e3%80%91,/events/【生命與數字】,,,,/events/【生命與數字】
sitemap-only,,https://rsg.com.tw/events/%e4%bc%81%e6%a5%ad%e5%a4%96%e8%a8%93-%e4%b8%89%e6%97%a5%e5%b7%a5%e4%bd%9c%e5%9d%8a-2,/events/企業外訓-三日工作坊-2,,,,/events/企業外訓-三日工作坊-2
sitemap-only,,https://rsg.com.tw/events/%e5%9c%92%e4%b8%81%e9%80%b2%e4%bf%ae%e7%87%9f-6,/events/園丁進修營-6,,,,/events/園丁進修營-6
sitemap-only,,https://rsg.com.tw/events/%e7%94%9f%e5%91%bd%e5%b0%88%e8%bb%8a16,/events/生命專車16,,,,/events/生命專車16
sitemap-only,,https://rsg.com.tw/events/%e3%80%90%e8%aa%ac%e6%9b%b8%e3%80%91%e9%9b%b6%e6%a5%b5%e9%99%90,/events/【説書】零極限,,,,/events/【説書】零極限
sitemap-only,,https://rsg.com.tw/events/%e3%80%90%e8%aa%ac%e6%9b%b8%e3%80%91%e5%8f%97%e8%8b%a6%e7%9a%84%e5%8a%9b%e9%87%8f,/events/【説書】受苦的力量,,,,/events/【説書】受苦的力量
sitemap-only,,https://rsg.com.tw/events/%e7%94%9f%e5%91%bd%e5%b0%88%e8%bb%8a15,/events/生命專車15,,,,/events/生命專車15
sitemap-only,,https://rsg.com.tw/events/%e4%bc%81%e6%a5%ad%e5%a4%96%e8%a8%93-14,/events/企業外訓-14,,,,/events/企業外訓-14
sitemap-only,,https://rsg.com.tw/events/%e4%bc%81%e6%a5%ad%e5%a4%96%e8%a8%93-13,/events/企業外訓-13,,,,/events/企業外訓-13
sitemap-only,,https://rsg.com.tw/events/%e4%bc%81%e6%a5%ad%e5%a4%96%e8%a8%93-12,/events/企業外訓-12,,,,/events/企業外訓-12
sitemap-only,,https://rsg.com.tw/events/%e4%bc%81%e6%a5%ad%e5%a4%96%e8%a8%93-11,/events/企業外訓-11,,,,/events/企業外訓-11
sitemap-only,,https://rsg.com.tw/events/%e4%bc%81%e6%a5%ad%e5%a4%96%e8%a8%93-10,/events/企業外訓-10,,,,/events/企業外訓-10
sitemap-only,,https://rsg.com.tw/events/%e4%bc%81%e6%a5%ad%e5%a4%96%e8%a8%93-4,/events/企業外訓-4,,,,/events/企業外訓-4
sitemap-only,,https://rsg.com.tw/events/%e6%83%85%e7%b7%92%e8%ae%8a%e8%ae%8a%e8%ae%8a,/events/情緒變變變,,,,/events/情緒變變變
sitemap-only,,https://rsg.com.tw/events/%e4%bc%b4%e4%be%b6%e7%9a%84%e7%a4%99%e8%88%87%e6%84%9b,/events/伴侶的礙與愛,,,,/events/伴侶的礙與愛
sitemap-only,,https://rsg.com.tw/events/%e8%81%b7%e5%a0%b4%e4%bd%a0%e6%88%91%e4%bb%96,/events/職場你我他,,,,/events/職場你我他
sitemap-only,,https://rsg.com.tw/events/%e7%94%9f%e5%91%bd%e5%b0%88%e8%bb%8a12,/events/生命專車12,,,,/events/生命專車12
sitemap-only,,https://rsg.com.tw/events/%e7%94%9f%e5%91%bd%e5%b0%88%e8%bb%8a13,/events/生命專車13,,,,/events/生命專車13
sitemap-only,,https://rsg.com.tw/events/%e6%b4%bb%e5%87%ba%e8%a7%92%e8%89%b270,/events/活出角色70,,,,/events/活出角色70
sitemap-only,,https://rsg.com.tw/events/%e5%9c%92%e4%b8%81%e9%80%b2%e4%bf%ae%e7%87%9f-5,/events/園丁進修營-5,,,,/events/園丁進修營-5
sitemap-only,,https://rsg.com.tw/events/%e8%b1%90%e7%9b%9b%e8%87%b4%e5%af%8c%e5%b7%a5%e4%bd%9c%e5%9d%8a3,/events/豐盛致富工作坊3,,,,/events/豐盛致富工作坊3
sitemap-only,,https://rsg.com.tw/events/%e7%94%9f%e5%91%bd%e5%b0%88%e8%bb%8a14,/events/生命專車14,,,,/events/生命專車14
sitemap-only,,https://rsg.com.tw/events/%e4%bc%81%e6%a5%ad%e5%a4%96%e8%a8%93-%e4%b8%89%e6%97%a5%e5%b7%a5%e4%bd%9c%e5%9d%8a,/events/企業外訓-三日工作坊,,,,/events/企業外訓-三日工作坊
sitemap-only,,https://rsg.com.tw/events/%e4%bc%81%e6%a5%ad%e5%a4%96%e8%a8%93-5,/events/企業外訓-5,,,,/events/企業外訓-5
sitemap-only,,https://rsg.com.tw/events/%e6%b7%b1%e5%ba%a6%e8%bd%89%e5%8c%96%e9%80%b2%e9%9a%8e%e6%8e%92%e5%88%976,/events/深度轉化進階排列6,,,,/events/深度轉化進階排列6
sitemap-only,,https://rsg.com.tw/events/%e9%87%91%e9%8c%a2%e9%87%91%e9%8c%a2%e6%88%91%e6%84%9b%e4%bd%a0,/events/金錢金錢我愛你,,,,/events/金錢金錢我愛你
sitemap-only,,https://rsg.com.tw/events/%e8%81%bd%e8%ba%ab%e9%ab%94%e8%aa%aa%e8%a9%b1,/events/聽身體說話,,,,/events/聽身體說話
sitemap-only,,https://rsg.com.tw/events/%e8%aa%b2%e7%a8%8b%e9%ab%94%e9%a9%97%e6%9c%83-2,/events/課程體驗會-2,,,,/events/課程體驗會-2
sitemap-only,,https://rsg.com.tw/events/%e9%97%9c%e4%bf%82%e5%b7%a5%e4%bd%9c%e5%9d%8a175,/events/關係工作坊175,,,,/events/關係工作坊175
sitemap-only,,https://rsg.com.tw/events/%e8%aa%b2%e7%a8%8b%e9%ab%94%e9%a9%97%e6%9c%83-3,/events/課程體驗會-3,,,,/events/課程體驗會-3
sitemap-only,,https://rsg.com.tw/events/%e7%94%9f%e5%91%bd%e5%b0%88%e8%bb%8a9,/events/生命專車9,,,,/events/生命專車9
sitemap-only,,https://rsg.com.tw/events/%e7%94%9f%e5%91%bd%e5%b0%88%e8%bb%8a10,/events/生命專車10,,,,/events/生命專車10
sitemap-only,,https://rsg.com.tw/events/%e4%bc%81%e6%a5%ad%e5%a4%96%e8%a8%93-3,/events/企業外訓-3,,,,/events/企業外訓-3
sitemap-only,,https://rsg.com.tw/events/%e4%bc%81%e6%a5%ad%e5%a4%96%e8%a8%93-2,/events/企業外訓-2,,,,/events/企業外訓-2
sitemap-only,,https://rsg.com.tw/events/%e4%bc%81%e6%a5%ad%e5%a4%96%e8%a8%93,/events/企業外訓,,,,/events/企業外訓
sitemap-only,,https://rsg.com.tw/events/%e4%bc%81%e6%a5%ad%e5%a4%96%e8%a8%93-9,/events/企業外訓-9,,,,/events/企業外訓-9
sitemap-only,,https://rsg.com.tw/events/%e4%bc%81%e6%a5%ad%e5%a4%96%e8%a8%93-8,/events/企業外訓-8,,,,/events/企業外訓-8
sitemap-only,,https://rsg.com.tw/events/%e4%bc%81%e6%a5%ad%e5%a4%96%e8%a8%93-7,/events/企業外訓-7,,,,/events/企業外訓-7
sitemap-only,,https://rsg.com.tw/events/%e4%bc%81%e6%a5%ad%e5%a4%96%e8%a8%93-6,/events/企業外訓-6,,,,/events/企業外訓-6
sitemap-only,,https://rsg.com.tw/events/%e4%bc%b4%e4%be%b6%e9%97%9c%e4%bf%82%e7%9a%84%e7%a4%99%e8%88%87%e6%84%9b-%e4%b8%80%e6%97%a5%e5%b7%a5%e4%bd%9c%e5%9d%8a-1,/events/伴侶關係的礙與愛-一日工作坊-1,,,,/events/伴侶關係的礙與愛-一日工作坊-1
sitemap-only,,https://rsg.com.tw/events/%e7%94%9f%e5%91%bd%e5%b0%88%e8%bb%8a-9,/events/生命專車-9,,,,/events/生命專車-9
sitemap-only,,https://rsg.com.tw/events/%e6%b7%b1%e5%ba%a6%e8%a7%80%e7%85%a7%e5%a4%a7%e9%a6%ac%e7%b7%9a%e4%b8%8a,/events/深度觀照大馬線上,,,,/events/深度觀照大馬線上
sitemap-only,,https://rsg.com.tw/events/%e6%84%9b%e8%88%87%e5%b9%b8%e7%a6%8f%e5%b7%a5%e4%bd%9c%e5%9d%8a2,/events/愛與幸福工作坊2,,,,/events/愛與幸福工作坊2
sitemap-only,,https://rsg.com.tw/events/%e5%9c%92%e4%b8%81%e9%80%b2%e4%bf%ae%e7%87%9f-3,/events/園丁進修營-3,,,,/events/園丁進修營-3
sitemap-only,,https://rsg.com.tw/events/%e5%9c%92%e4%b8%81%e9%80%b2%e4%bf%ae%e7%87%9f,/events/園丁進修營,,,,/events/園丁進修營
sitemap-only,,https://rsg.com.tw/events/%e5%9c%92%e4%b8%81%e9%80%b2%e4%bf%ae%e7%87%9f-2,/events/園丁進修營-2,,,,/events/園丁進修營-2
sitemap-only,,https://rsg.com.tw/events/%e7%94%9f%e5%91%bd%e8%bd%89%e5%8c%96%e6%88%90%e9%95%b7%e7%87%9f%e5%ad%b8%e5%93%a1-2,/events/生命轉化成長營學員-2,,,,/events/生命轉化成長營學員-2
sitemap-only,,https://rsg.com.tw/events/%e7%94%9f%e5%91%bd%e8%bd%89%e5%8c%96%e6%88%90%e9%95%b7%e7%87%9f%e5%ad%b8%e5%93%a1,/events/生命轉化成長營學員,,,,/events/生命轉化成長營學員
sitemap-only,,https://rsg.com.tw/events/%e8%aa%b2%e7%a8%8b%e9%ab%94%e9%a9%97%e6%9c%83,/events/課程體驗會,,,,/events/課程體驗會
sitemap-only,,https://rsg.com.tw/events/%e7%94%9f%e5%91%bd%e5%b0%88%e8%bb%8a8,/events/生命專車8,,,,/events/生命專車8
sitemap-only,,https://rsg.com.tw/events/2020%e6%84%9f%e6%81%a9%e8%8c%b6%e6%9c%83,/events/2020感恩茶會,,,,/events/2020感恩茶會
sitemap-only,,https://rsg.com.tw/events/%e6%b7%b1%e5%ba%a6%e8%bd%89%e5%8c%965,/events/深度轉化5,,,,/events/深度轉化5
sitemap-only,,https://rsg.com.tw/events/%e9%97%9c%e4%bf%82%e5%b7%a5%e4%bd%9c%e5%9d%8a-173,/events/關係工作坊-173,,,,/events/關係工作坊-173
sitemap-only,,https://rsg.com.tw/events/%e9%97%9c%e4%bf%82%e5%b7%a5%e4%bd%9c%e5%9d%8a-172,/events/關係工作坊-172,,,,/events/關係工作坊-172
sitemap-only,,https://rsg.com.tw/events/%e8%be%b2%e6%9b%86%e5%b9%b4%e5%81%87,/events/農曆年假,,,,/events/農曆年假
sitemap-only,,https://rsg.com.tw/archives/category/%e9%97%9c%e4%bf%82%e8%8a%b1%e5%9c%92%e6%96%87%e7%ab%a0,/archives/category/關係花園文章,,,,/archives/category/關係花園文章
sitemap-only,,https://rsg.com.tw/archives/category/%e5%ad%b8%e5%93%a1%e5%bf%83%e5%be%97%e5%88%86%e4%ba%ab-%e9%97%9c%e4%bf%82%e5%b7%a5%e4%bd%9c%e5%9d%8a,/archives/category/學員心得分享-關係工作坊,,,,/archives/category/學員心得分享-關係工作坊
sitemap-only,,https://rsg.com.tw/archives/category/%e5%ad%b8%e5%93%a1%e5%bf%83%e5%be%97%e5%88%86%e4%ba%ab-%e6%b4%bb%e5%87%ba%e8%a7%92%e8%89%b2,/archives/category/學員心得分享-活出角色,,,,/archives/category/學員心得分享-活出角色
sitemap-only,,https://rsg.com.tw/archives/category/%e5%ad%b8%e5%93%a1%e5%bf%83%e5%be%97%e5%88%86%e4%ba%ab-%e5%85%a7%e5%9c%a8%e5%b0%8f%e5%ad%a9%e7%99%82%e7%99%92,/archives/category/學員心得分享-內在小孩療癒,,,,/archives/category/學員心得分享-內在小孩療癒
sitemap-only,,https://rsg.com.tw/archives/category/%e5%ad%b8%e5%93%a1%e5%bf%83%e5%be%97%e5%88%86%e4%ba%ab-%e9%9d%9c%e5%bf%83%e8%a7%80%e7%85%a7,/archives/category/學員心得分享-靜心觀照,,,,/archives/category/學員心得分享-靜心觀照
sitemap-only,,https://rsg.com.tw/archives/category/%e5%ad%b8%e5%93%a1%e5%bf%83%e5%be%97%e5%88%86%e4%ba%ab-%e6%84%8f%e8%ad%98%e8%a6%ba%e9%86%92,/archives/category/學員心得分享-意識覺醒,,,,/archives/category/學員心得分享-意識覺醒
sitemap-only,,https://rsg.com.tw/archives/category/%e5%ad%b8%e5%93%a1%e5%bf%83%e5%be%97%e5%88%86%e4%ba%ab-%e6%b7%b1%e5%ba%a6%e8%bd%89%e5%8c%96,/archives/category/學員心得分享-深度轉化,,,,/archives/category/學員心得分享-深度轉化
sitemap-only,,https://rsg.com.tw/archives/category/%e5%ad%b8%e5%93%a1%e5%bf%83%e5%be%97%e5%88%86%e4%ba%ab-%e6%84%9b%e8%88%87%e5%b9%b8%e7%a6%8f,/archives/category/學員心得分享-愛與幸福,,,,/archives/category/學員心得分享-愛與幸福
sitemap-only,,https://rsg.com.tw/archives/category/%e5%ad%b8%e5%93%a1%e5%bf%83%e5%be%97%e5%88%86%e4%ba%ab-%e8%b1%90%e7%9b%9b%e8%87%b4%e5%af%8c,/archives/category/學員心得分享-豐盛致富,,,,/archives/category/學員心得分享-豐盛致富
sitemap-only,,https://rsg.com.tw/archives/category/%e8%aa%b2%e7%a8%8b%e4%bb%8b%e7%b4%b9,/archives/category/課程介紹,,,,/archives/category/課程介紹
sitemap-only,,https://rsg.com.tw/archives/category/%e6%9c%80%e6%96%b0%e5%ad%b8%e5%93%a1%e5%bf%83%e5%be%97,/archives/category/最新學員心得,,,,/archives/category/最新學員心得
sitemap-only,,https://rsg.com.tw/archives/category/%e7%86%b1%e9%96%80%e6%96%87%e7%ab%a0,/archives/category/熱門文章,,,,/archives/category/熱門文章
sitemap-only,,https://rsg.com.tw/archives/category/%e5%bf%83%e9%9d%88%e6%8d%95%e5%a4%a2%e7%b6%b2,/archives/category/心靈捕夢網,,,,/archives/category/心靈捕夢網
